"","Month","Longitude","Latitude","Location","Crime.type","Postcode"
"84701","2015-07",-5.931225,54.571548,"PENGE GARDENS","Burglary","BT95GA"
"324565","2017-01",-5.881761,54.593739,"WINGROVE GARDENS","Burglary","BT55NA"
"344408","2017-03",-6.372385,54.850832,"BROOKFIELD GARDENS","Anti-social behaviour","BT421LH"
"88343","2015-07",-6.230421,54.479666,"CASTLEVUE GARDENS","Other theft","BT670JU"
"326163","2017-01",-7.663332,54.331045,"DRUMAWILL GARDENS","Criminal damage and arson","BT745QW"
"435798","2017-09",-5.905306,54.590222,"JOCELYN STREET","Vehicle crime","BT68HL"
"441427","2017-10",-6.459827,54.414571,"DRUMARD AVENUE","Anti-social behaviour","BT623TS"
"318566","2016-12",-5.915143,54.596349,"LAGANBANK ROAD","Violence and sexual offences","BT13BN"
"254379","2016-08",-7.330176,55.026319,"MOSS PARK","Anti-social behaviour","BT488JX"
"292303","2016-10",-5.930067,54.600182,"ROSEMARY STREET","Shoplifting","BT11QA"
"347640","2017-03",-6.668148,54.84151,"MULLAGHMORE","Anti-social behaviour","BT465DX"
"212290","2016-04",-6.475263,54.879155,"BRACKEN VIEW","Violence and sexual offences","BT448BF"
"261773","2016-08",-6.328035,54.465055,"CASTLE LANE","Criminal damage and arson","BT14FB"
"314700","2016-12",-5.900673,54.598777,"LENDRICK STREET","Other theft","BT54HQ"
"332914","2017-02",-5.891773,54.598811,"TAMAR COURT","Anti-social behaviour","BT41SR"
"41859","2015-04",-5.90768,54.591315,"MY LADYS ROAD","Anti-social behaviour","BT68BZ"
"458697","2017-11",-5.886334,54.215805,"GOLF LINKS ROAD","Criminal damage and arson","BT330AN"
"286024","2016-10",-6.659307,54.351357,"CATHEDRAL ROAD","Anti-social behaviour","BT617QX"
"153883","2015-12",-6.278889,54.864986,"GEORGE STREET","Anti-social behaviour","BT435AP"
"141991","2015-11",-6.3357,54.457847,"UNION STREET","Burglary","BT12JF"
"350144","2017-03",-5.958705,54.600012,"KASHMIR ROAD","Criminal damage and arson","BT132SA"
"102742","2015-08",-5.862868,54.585464,"ASCOT MEWS","Other theft","BT56GS"
"108240","2015-09",-6.672856,55.089359,"GLENLEARY ROAD","Anti-social behaviour","BT513QY"
"321868","2017-01",-7.296901,54.993354,"ROSSDOWNEY DRIVE","Anti-social behaviour","BT475PR"
"161721","2015-12",-5.893178,54.222295,"BURRENVIEW COURT","Violence and sexual offences","BT330JG"
"94406","2015-08",-5.984697,54.627394,"WEAVERSHILL COURT","Anti-social behaviour","BT148PW"
"224118","2016-05",-6.664549,54.343851,"DRUMARG PARK","Violence and sexual offences","BT604AH"
"95161","2015-08",-7.30036,55.018983,"GLENEAGLES","Anti-social behaviour","BT449PQ"
"123123","2015-10",-6.020116,54.571562,"RIVERVIEW MEADOWS","Anti-social behaviour","BT119RA"
"354792","2017-03",-5.656958,54.640057,"GLEN ANNESLEY MEWS","Violence and sexual offences","BT197GP"
"176533","2016-02",-7.641433,54.346371,"HALLS LANE","Anti-social behaviour","BT747DR"
"92993","2015-07",-5.849972,54.257879,"DE COURCEY WAY","Violence and sexual offences","BT330NZ"
"328000","2017-01",-6.653563,54.347367,"SCOTCH STREET","Shoplifting","BT306AN"
"352108","2017-03",-6.458325,54.426268,"CHARLES STREET","Public order","BT536BQ"
"123280","2015-10",-6.277404,54.859269,"QUEEN STREET","Anti-social behaviour","BT13EF"
"162995","2016-01",-6.506574,54.772277,"CREAGH HILL","Anti-social behaviour","BT413SR"
"1498","2015-01",-6.027179,54.550842,"ALMOND DRIVE","Anti-social behaviour","BT170DG"
"60967","2015-05",-6.353172,54.453999,"OLD PORTADOWN ROAD","Vehicle crime","BT668QA"
"4016","2015-01",-5.649491,54.64595,"NAVAR DRIVE","Anti-social behaviour","BT197SW"
"474933","2017-12",-7.227061,55.027549,"CARMONEY PARK","Violence and sexual offences","BT473JN"
"399177","2017-07",-6.945786,54.596116,"CAVANAKEERAN ROAD","Anti-social behaviour","BT702RB"
"187353","2016-03",-6.260527,54.42031,"MAIN STREET","Anti-social behaviour","BT191JE"
"439510","2017-10",-6.252546,54.100358,"CHURCH LANE","Anti-social behaviour","BT14QH"
"124482","2015-10",-6.000904,54.563753,"MOOR PARK AVENUE","Anti-social behaviour","BT100QE"
"456987","2017-11",-5.946762,54.668761,"COLLINWARD AVENUE","Anti-social behaviour","BT366DY"
"240808","2016-07",-6.753721,54.49262,"BALLYNORTHLAND PARK","Anti-social behaviour","BT716BT"
"92007","2015-07",-5.854796,54.368819,"LINNHURST PARK","Violence and sexual offences","BT248RR"
"391651","2017-06",-6.290715,54.855692,"BEECHWOOD AVENUE","Criminal damage and arson","BT203JA"
"88516","2015-07",-5.918121,54.600758,"STATION STREET","Other theft","BT39DA"
"165815","2016-01",-5.928592,54.599366,"CORN MARKET","Anti-social behaviour","BT14DA"
"253410","2016-07",-5.963304,54.611438,"WOODVALE ROAD","Violence and sexual offences","BT131FD"
"190244","2016-03",-6.325473,54.453402,"TOBERHEWNY PARK","Anti-social behaviour","BT668ST"
"232586","2016-06",-7.341929,55.030533,"WOODBROOK","Burglary","BT488FF"
"326614","2017-01",-6.29926,54.311608,"NEWRY ROAD","Drugs","BT323HF"
"348516","2017-03",-7.273163,54.247096,"CORRAGH ROAD","Burglary",NA
"58023","2015-05",-5.848846,54.259467,"DROMARA ROAD","Criminal damage and arson","BT248JL"
"179267","2016-02",-6.357516,54.183753,"PARKHEAD CRESCENT","Criminal damage and arson","BT358PE"
"110884","2015-09",-5.810878,54.858265,"ANDREW AVENUE","Anti-social behaviour","BT235AN"
"369724","2017-04",-5.989491,54.596781,"NEW BARNSLEY CRESCENT","Other crime","BT127HT"
"150732","2015-12",-5.83955,54.850711,"LINN ROAD","Anti-social behaviour","BT402AH"
"132855","2015-10",-5.930305,54.598533,"DONEGALL PLACE","Possession of weapons","BT15AA"
"217977","2016-05",-5.928221,54.608794,"EARL CLOSE","Anti-social behaviour","BT151DF"
"251178","2016-07",-5.990109,54.588004,"NORGLEN PARADE","Violence and sexual offences","BT118DN"
"475819","2017-12",-6.447077,54.42218,"WEST STREET","Violence and sexual offences","BT234EN"
"295321","2016-10",-5.894483,54.566691,"BEECHGROVE RISE","Violence and sexual offences","BT60NH"
"224440","2016-05",-6.199579,54.722575,"BIRCH HILL ROAD SOUTH","Violence and sexual offences","BT411DD"
"389536","2017-06",-6.008112,54.564968,"TRENCHARD","Anti-social behaviour","BT119NS"
"51170","2015-05",-6.026135,54.064454,"ABBEY PARK","Anti-social behaviour","BT204BY"
"433356","2017-09",-5.962655,54.55749,"UPPER MALONE ROAD","Drugs","BT179JX"
"23932","2015-03",-6.065948,54.517433,"THORNLEIGH DRIVE","Anti-social behaviour","BT238UT"
"419770","2017-08",-6.005608,54.566526,"BROOKE CLOSE","Criminal damage and arson","BT119NT"
"142609","2015-11",-5.826176,54.641704,"VICTORIA ROAD","Criminal damage and arson","BT189BA"
"346722","2017-03",-6.245281,54.101151,"BEECHLODGE PARK","Anti-social behaviour","BT343NA"
"409134","2017-07",-5.708843,54.593715,"CIRCULAR ROAD","Violence and sexual offences","BT234BN"
"400672","2017-07",-7.317407,54.376855,"BALLYLURGAN","Anti-social behaviour","BT750PR"
"447789","2017-10",-5.956158,54.568693,"MARYVILLE PARK","Other theft","BT203RJ"
"457172","2017-11",-6.328007,54.163014,"TORAGH PARK","Anti-social behaviour","BT342QS"
"240217","2016-07",-6.26995,54.348747,"RATHFRILAND STREET","Anti-social behaviour","BT323LA"
"2215","2015-01",-5.965383,54.580627,"BOUCHER CRESCENT","Anti-social behaviour","BT126HU"
"423106","2017-08",-7.012393,55.043423,"OAKDENE CRESCENT","Violence and sexual offences","BT499LA"
"231093","2016-06",-7.348189,55.021531,"DUNLUCE COURT","Anti-social behaviour","BT480PA"
"64361","2015-05",-5.713986,54.329221,"SAUL STREET","Other crime","BT306NG"
"47110","2015-04",-6.669696,55.131689,"NEW ROW","Shoplifting","BT458AP"
"157113","2015-12",-5.979075,54.56401,"UPPER LISBURN ROAD","Other theft","BT100AA"
"191986","2016-03",-5.926089,54.589853,"WALNUT COURT","Burglary","BT71EP"
"428129","2017-09",-6.332957,54.44984,"BRAEMAR AVENUE","Anti-social behaviour","BT330BY"
"229665","2016-06",-5.898363,54.598862,"NEWTOWNARDS ROAD","Anti-social behaviour","BT191GZ"
"139693","2015-11",-6.050008,54.554411,"MOUNT EAGLES AVENUE","Anti-social behaviour","BT170GN"
"324629","2017-01",-6.013671,54.376706,"MEADOW LANE","Burglary","BT251SU"
"330930","2017-01",-5.79094,54.593579,"BROOKLANDS ROAD","Violence and sexual offences","BT162PD"
"188726","2016-03",-5.928857,54.634978,"LANSDOWNE PARK NORTH","Anti-social behaviour","BT154AE"
"231831","2016-06",-7.332033,55.005903,"LOWER NASSAU STREET","Anti-social behaviour","BT480ES"
"263449","2016-08",-5.960265,54.591108,"NANSEN STREET","Other theft","BT126AT"
"358328","2017-04",-5.776068,54.729442,"EMERALD DRIVE","Anti-social behaviour","BT387NT"
"72844","2015-06",-6.70721,55.175966,"OLD MILL GRANGE","Drugs","BT557GD"
"255615","2016-08",-7.474408,54.454594,"GALBALLY ROAD","Anti-social behaviour","BT783EA"
"406632","2017-07",-6.339287,54.174203,"O'HAGAN STREET","Other theft","BT341AP"
"467741","2017-12",-5.673117,54.648698,"ABBOT'S CLOSE","Anti-social behaviour","BT204EN"
"118968","2015-09",-5.717826,54.327056,"MARKET STREET","Violence and sexual offences","BT13JD"
"177454","2016-02",-6.663339,54.841016,"KING WILLIAM III CRESCENT","Anti-social behaviour","BT465HA"
"341638","2017-02",-7.308576,54.996744,"BONDS STREET","Violence and sexual offences","BT476EB"
"345942","2017-03",-6.611977,54.751933,"MONEYMORE ROAD","Anti-social behaviour","BT341RN"
"269429","2016-09",-5.706899,54.591413,"MILL STREET","Anti-social behaviour","BT234LN"
"162557","2016-01",-5.890469,54.220091,"BERNAGH GREEN","Anti-social behaviour","BT330BP"
"302451","2016-11",-6.659194,55.134889,"WINDSOR AVENUE","Drugs","BT189DG"
"103565","2015-08",-5.977077,54.572503,"STOCKMANS WAY","Robbery","BT97ET"
"179163","2016-02",-6.199092,54.713961,"HILLCREST","Criminal damage and arson","BT283LJ"
"7304","2015-01",-5.920489,54.584357,"KINALLEN COURT","Other theft","BT252DX"
"434649","2017-09",-5.991894,54.557701,"LARKFIELD AVENUE","Other theft","BT100LY"
"83473","2015-07",-5.923386,54.64749,"WHITEWELL CRESCENT","Anti-social behaviour","BT367HH"
"135411","2015-10",-5.702351,54.595523,"WEST STREET","Violence and sexual offences","BT234EN"
"127711","2015-10",-6.292196,54.376036,"HILLSIDE CRESCENT","Anti-social behaviour","BT282BA"
"96898","2015-08",-7.310804,54.995257,"BONDS HILL","Anti-social behaviour","BT476DP"
"249725","2016-07",-5.936644,54.59192,"SANDY ROW","Other theft","BT125BL"
"231035","2016-06",-5.930334,54.599189,"CASTLE STREET","Anti-social behaviour","BT11BL"
"432523","2017-09",-7.322908,55.001154,"CLARENDON STREET","Criminal damage and arson","BT487EP"
"48479","2015-04",-5.997968,54.580749,"AIRFIELD HEIGHTS","Violence and sexual offences","BT118QU"
"126606","2015-10",-5.826948,54.732576,"WINDSLOW DRIVE","Anti-social behaviour","BT389BB"
"217577","2016-05",-5.86073,54.840367,"DRUMAHOE GARDENS","Anti-social behaviour","BT402PG"
"110432","2015-09",-5.931754,54.598036,"FOUNTAIN STREET","Anti-social behaviour","BT15EA"
"194731","2016-03",-7.318883,54.994278,"BRIDGE STREET","Other theft","BT11LS"
"1671","2015-01",-6.184973,54.732986,"BUSH ROAD","Anti-social behaviour","BT221DL"
"133316","2015-10",-6.351386,54.189994,"LARCHMOUNT","Shoplifting",NA
"463757","2017-11",-5.889074,54.596553,"BLOOMFIELD AVENUE","Violence and sexual offences","BT55AA"
"461654","2017-11",-7.322371,55.001493,"ASYLUM ROAD","Shoplifting","BT487DL"
"334318","2017-02",-5.888027,54.587784,"ORBY PARK","Anti-social behaviour","BT55PT"
"353030","2017-03",-5.930747,54.602952,"ROYAL AVENUE","Vehicle crime","BT11AL"
"417728","2017-08",-6.196971,54.715933,"OAKDALE MANOR","Bicycle theft","BT411QA"
"181359","2016-02",-5.931179,54.593507,"BEDFORD STREET","Other theft","BT27AN"
"349390","2017-03",-6.757754,54.503649,"KILLYMAN ROAD","Criminal damage and arson","BT716DE"
"330014","2017-01",-5.932413,54.614643,"ILCHESTER STREET","Violence and sexual offences","BT152LB"
"16344","2015-02",-6.037489,54.508331,"YOUNG STREET","Criminal damage and arson","BT275EA"
"79016","2015-06",-6.138282,54.67961,"SEVEN MILE STRAIGHT","Other crime","BT294YR"
"309953","2016-12",-7.321576,54.997635,"WILLIAM STREET","Anti-social behaviour","BT11PR"
"209599","2016-04",-5.905342,54.591032,"EMERALD STREET","Violence and sexual offences","BT68BL"
"79767","2015-07",-6.969432,54.484329,"DERGENAGH ROAD","Anti-social behaviour","BT701TW"
"247481","2016-07",-6.142253,54.47226,"MOIRA ROAD","Criminal damage and arson","BT266DU"
"197819","2016-03",-6.372664,54.446177,"DRUMGOR HEIGHTS","Violence and sexual offences","BT654AP"
"270529","2016-09",-5.927064,54.584353,"RUGBY AVENUE","Anti-social behaviour","BT203PY"
"131367","2015-10",-6.187869,54.711943,"RATHMORE GARDENS","Drugs","BT100FX"
"243860","2016-07",-5.961161,54.677468,"QUEENS PARK","Anti-social behaviour","BT247AT"
"270119","2016-09",-6.335532,54.463119,"EDWARD STREET","Anti-social behaviour","BT12LL"
"42582","2015-04",-5.958012,54.573666,"LISBURN ROAD","Burglary","BT00BT"
"332868","2017-02",-6.372664,54.446177,"DRUMGOR HEIGHTS","Anti-social behaviour","BT654AP"
"282056","2016-10",-5.965028,54.59798,"CLUAIN MOR DRIVE","Anti-social behaviour","BT127UA"
"208075","2016-04",-6.238258,54.474291,"LAGANVALE MEWS","Other theft","BT670RE"
"321692","2017-01",-7.326193,54.999053,"BREWSTERS CLOSE","Anti-social behaviour","BT486AH"
"433079","2017-09",-5.946728,54.608597,"LYLE COURT","Criminal damage and arson","BT131GE"
"314632","2016-12",-5.921522,54.595067,"FRIENDLY STREET","Drugs","BT72HP"
"348989","2017-03",-5.990649,54.589594,"MONAGH DRIVE","Criminal damage and arson","BT118ED"
"374889","2017-05",-6.374695,54.445512,"DRUMGOR HEIGHTS","Anti-social behaviour","BT654AP"
"395089","2017-06",-6.021785,54.550197,"THORNHILL CRESCENT","Violence and sexual offences","BT170RH"
"47840","2015-04",-5.936572,54.608029,"ANNESLEY STREET","Violence and sexual offences","BT146AJ"
"18842","2015-02",-6.357332,54.852291,"GLOONAN HILL","Other theft","BT421PU"
"392962","2017-06",-5.792474,54.582385,"MILLMOUNT CHASE","Other theft","BT161WL"
"357740","2017-04",-5.633372,54.643902,"RAVENSWOOD","Anti-social behaviour","BT197WB"
"450116","2017-10",-6.338438,54.955007,"CRANKILL ROAD","Violence and sexual offences","BT435JF"
"130825","2015-10",-5.962153,54.600088,"SPRINGFIELD CRESCENT","Criminal damage and arson","BT127EJ"
"434865","2017-09",-5.925779,54.586208,"DUDLEY STREET","Possession of weapons","BT71GW"
"278506","2016-09",-6.220035,54.731466,"ISLAY STREET","Vehicle crime","BT412TS"
"240814","2016-07",-6.212749,54.718511,"MOUNT ORIEL COURT","Anti-social behaviour","BT414JU"
"141337","2015-11",-5.715478,54.313398,"BISHOPS BRAE AVENUE","Anti-social behaviour","BT306TG"
"377889","2017-05",-6.218029,54.714214,"RAILWAY STREET","Criminal damage and arson","BT170AQ"
"105332","2015-08",-6.676073,55.13183,"STRAND ROAD","Violence and sexual offences","BT390RF"
"90385","2015-07",-5.825352,54.640027,"CHURCH AVENUE","Violence and sexual offences","BT179RS"
"77615","2015-06",-5.913227,54.603864,"QUEENS ROAD","Violence and sexual offences","BT274TZ"
"315271","2016-12",-5.94352,54.61574,"CLIFTON DRIVE","Other theft","BT146LG"
"23265","2015-02",-5.668234,54.659557,"MARKET STREET","Other crime","BT13JD"
"290711","2016-10",-5.847327,54.587983,"GILNAHIRK ROAD","Other theft","BT57DA"
"263553","2016-08",-6.0111,54.060387,"GREENCASTLE ROAD","Other theft","BT344DE"
"132908","2015-10",-6.648146,55.202841,"CAUSEWAY STREET","Public order","BT568AB"
"44365","2015-04",-6.517673,54.808708,"MAIN STREET","Criminal damage and arson","BT191JE"
"113770","2015-09",-5.930439,54.592551,"BANKMORE STREET","Burglary","BT71AQ"
"274580","2016-09",-5.706524,54.595063,"CHURCH STREET","Criminal damage and arson","BT11ER"
"286597","2016-10",-6.213773,54.590354,"MAIN STREET","Anti-social behaviour","BT191JE"
"231082","2016-06",-5.708708,54.595581,"CHURCH STREET","Anti-social behaviour","BT11ER"
"466507","2017-12",-6.223624,54.620642,"CIDERCOURT PARK","Anti-social behaviour","BT294RY"
"237425","2016-06",-6.946733,55.044768,"BENBRADAGH AVENUE","Violence and sexual offences","BT474LP"
"288272","2016-10",-5.940603,54.258383,"CLARMONT AVENUE","Burglary","BT319BX"
"57689","2015-05",-6.214358,54.713684,"FOUNTAIN STREET","Criminal damage and arson","BT15EA"
"300193","2016-11",-6.65186,55.203564,"VICTORIA STREET","Anti-social behaviour","BT13GA"
"405358","2017-07",-5.686899,54.591572,"UPPER GREENWELL STREET","Criminal damage and arson","BT237LN"
"311963","2016-12",-6.780518,54.507447,"SPRINGDALE","Anti-social behaviour","BT701EH"
"32109","2015-03",-5.92411,54.658815,"GLENMOUNT ROAD","Other theft","BT367QJ"
"101614","2015-08",-6.032112,54.559781,"GLENBANK CLOSE","Criminal damage and arson","BT170SN"
"316158","2016-12",-6.2771,54.866407,"HIGH STREET","Shoplifting","BT12AA"
"289999","2016-10",-6.6422,54.552689,"BALLYGITTLE ROAD","Criminal damage and arson","BT715JS"
"400829","2017-07",-6.258495,54.344306,"WHYTE ACRES","Anti-social behaviour","BT324HZ"
"305543","2016-11",-5.929112,54.662854,"RATHMORE WAY","Violence and sexual offences","BT379DS"
"189300","2016-03",-7.476816,54.806395,"FERNDALE","Anti-social behaviour","BT343FE"
"250760","2016-07",-5.920207,54.608719,"DOCK STREET","Vehicle crime","BT151LF"
"198979","2016-03",-5.969975,54.58907,"ROCKMOUNT STREET","Violence and sexual offences","BT127PE"
"393119","2017-06",-5.943897,54.607956,"MALVERN CLOSE","Other theft","BT131EB"
"411624","2017-07",-5.936137,54.625497,"SKEGONEILL AVENUE","Violence and sexual offences","BT153JN"
"22552","2015-02",-6.218148,54.620885,"CIDERCOURT ROAD","Violence and sexual offences","BT294RX"
"344506","2017-03",-6.220542,54.705374,"CEDARMOUNT","Anti-social behaviour","BT414HA"
"459782","2017-11",-6.713085,54.591781,"GORTAGAMMON ROAD","Drugs","BT808UY"
"468400","2017-12",-7.343972,55.029898,"WOODBROOK WEST","Anti-social behaviour","BT488PZ"
"333395","2017-02",-6.261242,54.857385,"MEADOWVALE","Anti-social behaviour","BT191DA"
"400029","2017-07",-7.297777,54.6114,"LISANELLY HEIGHTS","Anti-social behaviour","BT789SS"
"442741","2017-10",-6.299062,54.432512,"BANBRIDGE ROAD","Anti-social behaviour","BT251AD"
"375432","2017-05",-5.906192,54.592861,"RADNOR STREET","Anti-social behaviour","BT68BG"
"361717","2017-04",-6.947322,55.046192,"BENEVENAGH DRIVE","Anti-social behaviour","BT490AG"
"157611","2015-12",-6.652938,54.345779,"DOBBIN STREET","Other theft","BT617QH"
"192272","2016-03",-6.318224,54.471495,"BELVEDERE MANOR","Burglary","BT679NN"
"344117","2017-03",-7.476794,54.820121,"LISNAFIN PARK","Anti-social behaviour","BT829DF"
"78197","2015-06",-6.028472,54.552876,"LAGMORE GROVE","Violence and sexual offences","BT170TD"
"64080","2015-05",-6.949053,55.042784,"ROE MILL GARDENS","Violence and sexual offences","BT499AT"
"248577","2016-07",-7.634911,54.355254,"KILMACORMICK ROAD","Drugs","BT746DX"
"238077","2016-06",-5.980047,54.601871,"BALLYGOMARTIN DRIVE","Violence and sexual offences","BT133UB"
"48998","2015-04",-5.93162,54.539631,"BALLYCOAN ROAD","Violence and sexual offences","BT88LL"
"477483","2017-12",-6.267384,54.351244,"CASTLEWELLAN ROAD","Violence and sexual offences","BT252DZ"
"414635","2017-08",-6.04803,54.759572,"KELLBURN PARK","Anti-social behaviour","BT390SJ"
"65480","2015-06",-5.903232,54.589045,"WILLOWFIELD PARADE","Anti-social behaviour","BT68HQ"
"120871","2015-09",-6.425796,54.099722,"MOUNTAIN ROAD","Violence and sexual offences","BT221PL"
"107093","2015-08",-6.355765,54.184645,"SECOND AVENUE","Violence and sexual offences","BT356HA"
"407449","2017-07",-6.285974,54.865418,"BALMORAL AVENUE","Other theft","BT197XB"
"51215","2015-05",-5.956615,54.687095,"MANSE ROAD","Anti-social behaviour","BT203DA"
"403698","2017-07",-6.450649,54.431632,"CHURCHILL PARK","Anti-social behaviour","BT205RL"
"231147","2016-06",-6.88892,54.538965,"BEECHLINE","Anti-social behaviour","BT702NJ"
"272776","2016-09",-5.687058,54.660502,"BRYANSBURN ROAD ROUNDABOUT","Anti-social behaviour",NA
"37362","2015-04",-7.279866,54.608995,"MULLAGHMORE DRIVE","Anti-social behaviour","BT797PG"
"220832","2016-05",-6.004907,54.578977,"HAMILL GLEN","Other theft","BT118SN"
"78656","2015-06",-6.684863,55.1234,"ORCHARDVILLE","Violence and sexual offences","BT513EJ"
"95313","2015-08",-6.068082,54.514449,"CAUSEWAY MEADOWS","Anti-social behaviour","BT282GD"
"353154","2017-03",-5.777278,54.590139,"OLD MILL MEADOWS","Violence and sexual offences","BT161WQ"
"24860","2015-03",-6.714457,55.184388,"PARKLEA","Anti-social behaviour","BT557HA"
"262381","2016-08",-6.653657,54.345886,"DOBBIN STREET","Criminal damage and arson","BT617QH"
"82770","2015-07",-5.924165,54.614277,"YORK ROAD","Anti-social behaviour","BT153GU"
"238747","2016-06",-7.321935,54.996721,"MAGAZINE STREET","Violence and sexual offences","BT486GJ"
"348562","2017-03",-5.904113,54.597498,"THISTLE COURT","Burglary","BT54EJ"
"179202","2016-02",-5.89585,54.57588,"CREGAGH ROAD","Criminal damage and arson","BT538JN"
"412390","2017-08",-5.930334,54.599189,"CASTLE STREET","Anti-social behaviour","BT11BL"
"392720","2017-06",-6.104159,54.699817,"CASTLETON","Other theft","BT390AZ"
"416892","2017-08",-5.980705,54.624515,"LIGONIEL ROAD","Anti-social behaviour","BT148BU"
"389243","2017-06",-6.036945,54.529006,"MOUNTVIEW DRIVE","Anti-social behaviour","BT251BP"
"53718","2015-05",-5.671397,54.662511,"SOUTHWELL ROAD","Anti-social behaviour","BT203AE"
"209196","2016-04",-7.630614,54.340481,"DERRYCHARA ROAD","Shoplifting","BT746GB"
"450910","2017-10",-6.185587,54.706401,"MOYLINNEY PARK","Violence and sexual offences","BT411NJ"
"13788","2015-02",-6.940087,55.038727,"GLENBURN WAY","Anti-social behaviour","BT490RN"
"53496","2015-05",-5.92988,54.595012,"FRANKLIN STREET","Anti-social behaviour","BT27GG"
"9874","2015-01",-6.74301,54.648864,"COAGH CRESCENT","Violence and sexual offences","BT808NH"
"230551","2016-06",-5.933747,54.589552,"DONEGALL PASS","Anti-social behaviour","BT71BS"
"24927","2015-03",-6.356513,54.142229,"PARK VIEW","Anti-social behaviour","BT179RD"
"463490","2017-11",-5.889179,54.212934,"MAIN STREET","Violence and sexual offences","BT191JE"
"312485","2016-12",-6.218307,54.893041,"BALLYGARVEY ROAD","Burglary","BT437HB"
"379676","2017-05",-6.334938,54.458385,"UNION STREET","Possession of weapons","BT12JF"
"296160","2016-10",-6.744086,54.639586,"CEMETERY ROAD","Other crime","BT808EA"
"152099","2015-12",-7.309647,54.988046,"TOP OF THE HILL","Anti-social behaviour","BT472HA"
"335469","2017-02",-6.596197,54.753718,"SANDY BRAES","Anti-social behaviour","BT456PN"
"355775","2017-03",-5.67,54.661209,"CENTRAL STREET","Violence and sexual offences","BT203AG"
"146759","2015-11",-6.045871,54.513229,"BACHELORS WALK","Violence and sexual offences","BT281XJ"
"49649","2015-04",-5.929149,54.5896,"ELM STREET","Violence and sexual offences","BT71ES"
"448594","2017-10",-5.913227,54.603864,"QUEENS ROAD","Other theft","BT274TZ"
"45081","2015-04",-6.026797,54.231621,"CLONCOOL CRESCENT","Other theft","BT345HW"
"64054","2015-05",-7.309056,54.992417,"DISTILLERY CLOSE","Violence and sexual offences","BT472JX"
"83436","2015-07",-7.321576,54.997635,"WILLIAM STREET","Anti-social behaviour","BT11PR"
"386015","2017-06",-6.003954,54.553866,"GRANGE PARK","Anti-social behaviour","BT170AN"
"435578","2017-09",-5.92577,54.600378,"CHURCH LANE","Shoplifting","BT14QH"
"281273","2016-09",-6.250994,55.200567,"CASTLE STREET","Violence and sexual offences","BT11BL"
"56999","2015-05",-5.909248,54.588781,"FLORIDA STREET","Criminal damage and arson","BT68EW"
"903","2015-01",-5.938347,54.61425,"CLIFTONVILLE ROAD","Anti-social behaviour","BT146FG"
"268970","2016-09",-5.928592,54.599366,"CORN MARKET","Anti-social behaviour","BT14DA"
"196467","2016-03",-6.741321,54.640357,"ROCHEVILLE","Vehicle crime","BT808QE"
"403345","2017-07",-6.325021,54.451248,"GILFORD ROAD","Anti-social behaviour","BT635BZ"
"37974","2015-04",-5.543799,54.382119,"LAURELBANK PARK","Anti-social behaviour","BT221NW"
"235052","2016-06",-7.488458,54.206661,"NEWBRIDGE ROAD","Other theft","BT521BS"
"242242","2016-07",-5.626522,54.653239,"SILVERBIRCH ROAD","Anti-social behaviour","BT196EU"
"206085","2016-04",-5.910852,54.599753,"STRAND CLOSE","Criminal damage and arson","BT54TR"
"71344","2015-06",-6.035133,54.687451,"LYLEHILL ROAD EAST","Criminal damage and arson","BT364QR"
"277093","2016-09",-5.801218,54.593802,"BURTON AVENUE","Other theft","BT161RU"
"373508","2017-05",-7.722938,54.5231,"MAIN STREET","Anti-social behaviour","BT191JE"
"312228","2016-12",-5.816708,54.590597,"CUMBERLAND DRIVE","Burglary","BT162AS"
"16049","2015-02",-7.630614,54.340481,"DERRYCHARA ROAD","Burglary","BT746GB"
"401295","2017-07",-6.184973,54.732986,"BUSH ROAD","Anti-social behaviour","BT221DL"
"260435","2016-08",-6.381772,54.326975,"MULLAGHGLASS ROAD","Burglary","BT283SN"
"57322","2015-05",-5.65936,54.662944,"DONAGHADEE ROAD","Criminal damage and arson","BT196DP"
"114156","2015-09",-5.953261,54.580522,"GREAT NORTHERN STREET","Burglary","BT97FJ"
"27671","2015-03",-5.933398,54.597974,"COLLEGE STREET","Anti-social behaviour","BT16BQ"
"190521","2016-03",-5.976511,54.623547,"LAVENS DRIVE","Anti-social behaviour","BT148BN"
"128177","2015-10",-5.90458,54.593229,"POTTINGER STREET","Anti-social behaviour","BT421BP"
"327492","2017-01",-7.639344,54.351288,"CARNMORE RISE","Other theft","BT746BD"
"15024","2015-02",-5.898983,54.207346,"SLIEVECOOLE PARK","Anti-social behaviour","BT148JN"
"45920","2015-04",-6.043744,54.511218,"MARKET LANE","Other theft","BT204SP"
"147099","2015-11",-6.670388,55.128804,"NEW ROW","Violence and sexual offences","BT458AP"
"423982","2017-08",-5.714675,54.329261,"SCOTCH STREET","Violence and sexual offences","BT306AN"
"76336","2015-06",-6.341752,54.176915,"MONAGHAN STREET","Violence and sexual offences","BT356AA"
"37268","2015-04",-7.29685,54.611323,"LISANELLY HEIGHTS","Anti-social behaviour","BT789SS"
"457398","2017-11",-5.912346,54.55364,"WOODBREDA AVENUE","Burglary","BT87JJ"
"84838","2015-07",-5.904702,54.58421,"CHESHAM PARK","Burglary","BT68GS"
"198579","2016-03",-5.927095,54.60262,"HILL STREET","Violence and sexual offences","BT12LA"
"104295","2015-08",-7.80416,54.360705,"LISDEAD ROAD","Vehicle crime","BT748AW"
"204603","2016-04",-5.669395,54.662832,"QUEEN'S PARADE","Anti-social behaviour","BT203BH"
"114313","2015-09",-5.961805,54.590325,"IVEAGH DRIVE","Criminal damage and arson","BT126AY"
"416379","2017-08",-5.95415,54.57883,"LISBURN AVENUE","Anti-social behaviour","BT97FX"
"265","2015-01",-6.456443,54.433683,"BALLYORAN PARK","Anti-social behaviour","BT621JN"
"27844","2015-03",-5.935169,54.588355,"LISBURN ROAD","Anti-social behaviour","BT00BT"
"314224","2016-12",-5.921522,54.595067,"FRIENDLY STREET","Drugs","BT72HP"
"425499","2017-08",-6.947322,55.046192,"BENEVENAGH DRIVE","Violence and sexual offences","BT490AG"
"221133","2016-05",-6.339287,54.174203,"O'HAGAN STREET","Other theft","BT341AP"
"50559","2015-04",-5.92705,54.630005,"LANSDOWNE ROAD","Violence and sexual offences","BT154AA"
"256589","2016-08",-5.931179,54.593507,"BEDFORD STREET","Anti-social behaviour","BT27AN"
"81596","2015-07",-5.980334,54.560428,"BENMORE DRIVE","Anti-social behaviour","BT100DQ"
"368304","2017-04",-6.07597,54.520756,"ROSEWOOD GLEN","Violence and sexual offences","BT282FH"
"242075","2016-07",-6.39574,54.450573,"AVONDALE MANOR","Anti-social behaviour","BT641AE"
"213912","2016-05",-7.320271,54.498617,"ASHFIELD GARDENS","Anti-social behaviour","BT153FW"
"234785","2016-06",-6.267193,54.34701,"RATHFRILAND STREET","Other theft","BT323LA"
"460589","2017-11",-5.651482,54.402099,"BRAESIDE GARDENS","Other theft","BT309QE"
"432522","2017-09",-5.806112,54.851953,"TOWER ROAD","Criminal damage and arson","BT237PN"
"390795","2017-06",-5.941082,54.617109,"BROOKVALE STREET","Criminal damage and arson","BT146BZ"
"116636","2015-09",-6.351386,54.189994,"LARCHMOUNT","Other theft",NA
"341800","2017-02",-6.346789,54.175798,"JOHN MARTIN GARDENS","Violence and sexual offences","BT358DZ"
"210642","2016-04",-6.03188,54.554962,"GLENFEARNA GARDENS","Violence and sexual offences","BT170YB"
"279367","2016-09",-5.665547,54.41072,"OSBORNE DRIVE","Violence and sexual offences","BT203DH"
"57653","2015-05",-5.943511,54.598434,"MILFORD STREET","Criminal damage and arson","BT124SD"
"301187","2016-11",-5.945611,54.611426,"SUMMER STREET","Criminal damage and arson","BT146ES"
"125775","2015-10",-6.663686,55.133707,"RAILWAY PLACE","Anti-social behaviour","BT521PQ"
"85695","2015-07",-6.456078,54.419213,"GLANDORE TERRACE","Criminal damage and arson","BT623HP"
"378558","2017-05",-5.659482,54.646539,"BLOOMFIELD ROAD SOUTH","Other theft","BT197FJ"
"436633","2017-09",-5.848713,54.865492,"CRANBOURNE VIEW","Violence and sexual offences","BT402PZ"
"66943","2015-06",-7.326979,55.033308,"EDEROWEN PARK","Anti-social behaviour","BT488NY"
"451835","2017-10",-7.657068,54.532849,"VILLA TERRACE","Violence and sexual offences","BT930EF"
"235505","2016-06",-7.350132,55.016421,"DRUMMARD CLOSE","Other theft","BT480RN"
"923","2015-01",-5.946069,54.580517,"ASHLEIGH MANOR","Anti-social behaviour","BT96JY"
"400998","2017-07",-6.772021,54.49994,"OLD EGLISH ROAD","Anti-social behaviour","BT715PG"
"310183","2016-12",-5.932878,54.599682,"CHAPEL LANE","Anti-social behaviour","BT11HH"
"280240","2016-09",-6.663686,55.133707,"RAILWAY PLACE","Violence and sexual offences","BT521PQ"
"285816","2016-10",-5.671616,54.660862,"CENTRAL AVENUE","Anti-social behaviour","BT203AF"
"447303","2017-10",-6.037982,54.572105,"GLENSIDE ROAD","Drugs","BT170LH"
"154315","2015-12",-6.27196,54.860575,"CASTLE GARDENS","Burglary","BT154GA"
"409564","2017-07",-5.663461,54.66279,"ALFRED STREET","Violence and sexual offences","BT205DH"
"154246","2015-12",-6.027266,54.548399,"ACACIA AVENUE","Burglary","BT170DT"
"406414","2017-07",NA,NA,"NO LOCATION","Drugs",NA
"40718","2015-04",-5.929306,54.600232,"ROSEMARY STREET","Anti-social behaviour","BT11QA"
"236245","2016-06",-5.930261,54.598181,"DONEGALL PLACE","Shoplifting","BT15AA"
"274928","2016-09",-5.91961,54.263531,"ANNSBOROUGH PARK","Criminal damage and arson","BT319NH"
"62522","2015-05",-5.936449,54.609842,"ST JAMES MEWS","Violence and sexual offences","BT146DL"
"42220","2015-04",-5.930703,54.587335,"WOLSELEY STREET","Burglary","BT71LG"
"123041","2015-10",-6.326358,54.459677,"QUEEN STREET","Anti-social behaviour","BT13EF"
"385330","2017-06",-5.910525,54.597393,"ANDERSON COURT","Anti-social behaviour","BT390PD"
"258831","2016-08",-7.550804,54.718569,"ERGANAGH ROAD","Anti-social behaviour","BT515XD"
"372489","2017-05",-7.329566,54.993601,"STANLEYS WALK","Anti-social behaviour","BT489HH"
"222158","2016-05",-6.192257,54.509883,"WILLOW LODGE","Public order","BT282WL"
"103572","2015-08",-6.651,54.346719,"SCOTCH STREET","Shoplifting","BT306AN"
"172119","2016-01",NA,NA,"NO LOCATION","Violence and sexual offences",NA
"378369","2017-05",-6.192086,54.69321,"ABBEY GARDENS","Drugs","BT222DJ"
"51931","2015-05",-5.924506,54.548863,"FOREST GROVE","Anti-social behaviour","BT86AR"
"80806","2015-07",-6.372803,54.443456,"WESTACRES","Anti-social behaviour","BT654BB"
"231818","2016-06",-7.308118,54.992493,"BEN VARDEN AVENUE","Anti-social behaviour","BT472AS"
"38784","2015-04",-6.069492,54.508451,"KNOCKMORE SQUARE","Anti-social behaviour","BT281SZ"
"44371","2015-04",-6.110693,54.374427,"ENAGH ROAD","Criminal damage and arson","BT252ES"
"8167","2015-01",-5.964125,54.576374,"BOUCHER ROAD","Shoplifting","BT126HH"
"424186","2017-08",-6.256138,54.110941,"RIVERFIELDS AVENUE","Violence and sexual offences","BT343FQ"
"298196","2016-11",-5.889521,54.589103,"ORBY ROAD","Anti-social behaviour","BT55HN"
"315160","2016-12",-6.013525,54.555731,"CHESTNUT PARK","Other theft","BT170JX"
"65115","2015-06",-5.665878,54.642547,"BALLOO WAY","Anti-social behaviour","BT197QZ"
"108071","2015-08",NA,NA,"NO LOCATION","Other crime",NA
"302537","2016-11",-6.670517,54.383807,"MOY ROAD","Drugs","BT617LY"
"625","2015-01",-5.962496,54.669691,"RURAL GARDENS","Anti-social behaviour","BT367UD"
"166801","2016-01",-5.919816,54.585432,"BALFOUR AVENUE","Burglary","BT389RA"
"421445","2017-08",-6.343547,54.459824,"MANOR DRIVE","Other theft","BT146ET"
"428336","2017-09",-7.304349,54.993612,"SHEPHERDS GROVE","Anti-social behaviour","BT472BS"
"288630","2016-10",-6.185114,54.104472,"GLEANN RUAIRI","Criminal damage and arson","BT343GE"
"324212","2017-01",-5.949617,54.583785,"TATES AVENUE","Bicycle theft","BT126NA"
"120770","2015-09",-6.006832,54.063066,"HARBOUR ROAD","Violence and sexual offences","BT196JP"
"395664","2017-06",-6.253821,54.100951,"DOCK STREET","Violence and sexual offences","BT151LF"
"224522","2016-05",-7.326428,55.039108,"LOWER GALLIAGH ROAD","Violence and sexual offences","BT488LN"
"115069","2015-09",-7.327015,54.995716,"LECKY ROAD","Criminal damage and arson","BT486NP"
"132180","2015-10",-5.99491,54.750808,"BALLYNURE ROAD","Other theft","BT365SJ"
"239862","2016-06",-7.282032,54.992198,"SEVENOAKS","Violence and sexual offences","BT476AL"
"133855","2015-10",-5.896931,54.277245,"AGHLISNAFIN ROAD","Vehicle crime","BT319JP"
"231445","2016-06",-5.815586,54.715488,"ELLIS STREET","Anti-social behaviour","BT388AX"
"127601","2015-10",-5.756706,54.551473,"BROWNLOW STREET","Anti-social behaviour","BT235EP"
"387907","2017-06",-5.693252,54.648859,"KILCLIEF GARDENS","Anti-social behaviour","BT191QY"
"450969","2017-10",-7.325817,55.012183,"PENNYBURN INDUSTRIAL ESTATE","Violence and sexual offences","BT480LU"
"391762","2017-06",-6.653657,54.345886,"DOBBIN STREET","Criminal damage and arson","BT617QH"
"83858","2015-07",-5.93543,54.595116,"GLENGALL STREET","Anti-social behaviour","BT125AB"
"373179","2017-05",-6.3307,54.450752,"BURREN CLOSE","Anti-social behaviour","BT668NQ"
"298139","2016-11",-6.743705,54.654441,"CLAGGAN PARK","Anti-social behaviour","BT162SR"
"451351","2017-10",-5.923358,54.600947,"QUEENS SQUARE","Violence and sexual offences","BT13FF"
"190977","2016-03",-6.246986,55.208864,"CLARE ROAD","Anti-social behaviour","BT546DB"
"51515","2015-05",-6.253821,54.100951,"DOCK STREET","Anti-social behaviour","BT151LF"
"403842","2017-07",-6.331562,55.000749,"CYPRESS PARK","Burglary","BT210QE"
"165847","2016-01",-6.641036,54.552362,"COOLOUGH DRIVE","Anti-social behaviour","BT715QL"
"184048","2016-02",-5.95415,54.57883,"LISBURN AVENUE","Violence and sexual offences","BT97FX"
"368556","2017-04",-5.933369,54.655334,"OLD THRONE PARK","Violence and sexual offences","BT367SG"
"209895","2016-04",-5.889846,54.589702,"ORBY CHASE","Violence and sexual offences","BT55HF"
"239219","2016-06",-6.071102,54.489034,"EGLANTINE CRESCENT","Violence and sexual offences","BT275RH"
"173673","2016-01",-5.915174,54.555773,"NEWTOWNBREDA ROAD","Violence and sexual offences","BT86AS"
"128298","2015-10",-6.043688,54.109228,"ATTICAL BOG ROAD","Bicycle theft","BT344HT"
"382877","2017-05",-5.825352,54.640027,"CHURCH AVENUE","Violence and sexual offences","BT179RS"
"139465","2015-11",-5.927653,54.600778,"WARING STREET","Anti-social behaviour","BT12DX"
"207364","2016-04",-6.321432,54.458332,"AVENUE ROAD","Other theft","BT667BB"
"297597","2016-11",-5.794793,54.503652,"OAKDALE","Anti-social behaviour","BT235TS"
"208920","2016-04",-6.666963,55.131848,"KINGSGATE STREET","Shoplifting","BT521LB"
"52940","2015-05",-7.607569,54.356426,"CAVANDALE","Anti-social behaviour","BT744EN"
"88941","2015-07",-6.55038,54.37069,"THE NEW LINE","Public order","BT619QR"
"323401","2017-01",-6.02718,54.51368,"HUGUENOT DRIVE","Anti-social behaviour","BT274UH"
"334822","2017-02",-5.702351,54.595523,"WEST STREET","Anti-social behaviour","BT234EN"
"436221","2017-09",-7.326534,55.007606,"ARGYLE TERRACE","Violence and sexual offences","BT480DJ"
"415392","2017-08",-6.354735,54.453858,"GILPINSTOWN","Anti-social behaviour","BT668RN"
"455980","2017-11",-6.774747,54.504262,"MINARDIN","Anti-social behaviour","BT701DU"
"424569","2017-08",-6.034019,54.508904,"SLOAN STREET","Violence and sexual offences","BT275AF"
"190958","2016-03",-5.954571,54.607158,"TENNENT STREET","Anti-social behaviour","BT133GB"
"76027","2015-06",-5.925804,54.602454,"DUNBAR STREET","Violence and sexual offences","BT12LH"
"229340","2016-06",-5.900331,54.584979,"WILLOWHOLME PARADE","Anti-social behaviour","BT68NY"
"81098","2015-07",-7.341648,55.03143,"WOODBROOK","Anti-social behaviour","BT488FF"
"151171","2015-12",-6.230243,54.48199,"WOODHALL","Anti-social behaviour","BT670NG"
"94194","2015-08",-6.701825,54.540623,"THE SQUARE","Anti-social behaviour","BT221HR"
"46806","2015-04",-5.956591,54.615332,"HAVANA WAY","Robbery","BT147QH"
"19313","2015-02",-5.703602,54.581,"BRISTOL PARK","Public order","BT234RH"
"107611","2015-08",-7.321401,55.008961,"ABERFOYLE CRESCENT","Violence and sexual offences","BT487PG"
"217861","2016-05",-7.32413,54.991666,"HARDING STREET","Anti-social behaviour","BT486RN"
"411486","2017-07",-5.66799,54.663003,"MAIN STREET","Violence and sexual offences","BT191JE"
"291712","2016-10",-6.058467,54.513998,"HILLSIDE GARDENS","Other theft","BT196SJ"
"167856","2016-01",-5.984055,54.561784,"UPPER LISBURN ROAD","Criminal damage and arson","BT100AA"
"248346","2016-07",-5.533012,54.643012,"PARADE","Drugs","BT210AE"
"327971","2017-01",-6.2771,54.866407,"HIGH STREET","Shoplifting","BT12AA"
"444153","2017-10",-6.024426,54.551821,"IRIS LINK","Anti-social behaviour","BT170BJ"
"141279","2015-11",-5.479119,54.431161,"MAIN ROAD","Anti-social behaviour","BT221DA"
"283245","2016-10",-5.980784,54.576672,"ANDERSONSTOWN ROAD","Anti-social behaviour","BT119AF"
"112551","2015-09",-5.915968,54.592311,"RAVENHILL REACH COURT","Anti-social behaviour","BT68RD"
"366997","2017-04",-5.933633,54.62142,"DUNMORE PLACE","Violence and sexual offences","BT153GP"
"193822","2016-03",-6.524109,54.293132,"EDEN DRIVE","Criminal damage and arson","BT601LA"
"424156","2017-08",-6.353172,54.453999,"OLD PORTADOWN ROAD","Violence and sexual offences","BT668QA"
"95631","2015-08",-7.296888,54.995851,"LINCOLN COURT","Anti-social behaviour","BT475NT"
"389561","2017-06",-5.923651,54.659606,"GLENMOUNT ROAD","Anti-social behaviour","BT367QJ"
"7529","2015-01",-6.741749,54.646057,"MOLESWORTH ROAD","Other theft","BT808NR"
"460793","2017-11",-6.946046,55.039372,"GORTEEN CRESCENT","Other theft","BT499EW"
"330384","2017-01",-5.942343,54.599798,"DIVIS TOWER","Violence and sexual offences","BT124QA"
"383057","2017-05",-5.717713,54.328824,"ENGLISH STREET","Violence and sexual offences","BT306AB"
"308778","2016-12",-6.948408,55.045932,"BENEVENAGH DRIVE","Anti-social behaviour","BT490AG"
"337623","2017-02",-5.971896,54.628222,"BRAE HILL PARK","Criminal damage and arson","BT148FP"
"103207","2015-08",-5.890707,54.210014,"CASTLE PLACE","Other theft","BT11BB"
"157767","2015-12",-7.319963,54.996961,"SHIPQUAY STREET","Other theft","BT486AR"
"218559","2016-05",-6.256517,54.360513,"THE ROWANS","Burglary","BT324DQ"
"327753","2017-01",-7.404654,54.315689,"MAIN STREET","Public order","BT191JE"
"272566","2016-09",-5.92559,54.585657,"DUDLEY STREET","Anti-social behaviour","BT71GW"
"111062","2015-09",-5.83955,54.850711,"LINN ROAD","Anti-social behaviour","BT402AH"
"79285","2015-07",-6.002083,54.6739,"MILL GRANGE","Anti-social behaviour","BT364GP"
"412233","2017-08",-6.74678,54.63761,"RATHMORE","Anti-social behaviour","BT343SF"
"162575","2016-01",-5.89305,54.599255,"CAREW STREET","Anti-social behaviour","BT41BL"
"416044","2017-08",-5.708542,54.752076,"MARINE PARADE","Anti-social behaviour","BT189HY"
"3223","2015-01",-5.910183,54.556927,"BREDA ROAD","Anti-social behaviour","BT87BU"
"430465","2017-09",-5.671842,54.590789,"THE MEADOWS","Anti-social behaviour","BT210JG"
"237645","2016-06",-6.006832,54.063066,"HARBOUR ROAD","Violence and sexual offences","BT196JP"
"2855","2015-01",-6.418948,54.43406,"HILLSIDE CRESCENT","Anti-social behaviour","BT282BA"
"324506","2017-01",-6.452644,54.420014,"SHANDON SQUARE","Burglary","BT623HX"
"318661","2016-12",-6.447324,54.424609,"PARK ROAD","Violence and sexual offences","BT252AR"
"350074","2017-03",-6.313657,54.451629,"SHANE PARK","Criminal damage and arson","BT667HD"
"463612","2017-11",-6.326991,54.452848,"TOBERHEWNY HALL","Violence and sexual offences","BT668JZ"
"424985","2017-08",-7.305381,54.99263,"GOOD SHEPHERD GLEN","Violence and sexual offences","BT472AH"
"391469","2017-06",-6.936259,55.045665,"SHANREAGH PARK","Criminal damage and arson","BT480QP"
"10447","2015-01",-7.319658,55.033384,"ELAGHMORE PARK","Violence and sexual offences","BT488DX"
"136733","2015-10",-5.960259,54.572652,"LISLEA AVENUE","Violence and sexual offences","BT97HQ"
"88479","2015-07",-5.987365,54.596593,"NEW BARNSLEY GREEN","Other theft","BT127HS"
"330223","2017-01",-6.746203,54.634712,"GREENACRES","Violence and sexual offences","BT197AP"
"290983","2016-10",-6.697073,55.18167,"DUNSUIVNISH DRIVE","Other theft","BT557EW"
"413972","2017-08",-7.640938,54.344887,"PAGET SQUARE","Anti-social behaviour","BT747HS"
"337756","2017-02",NA,NA,"NO LOCATION","Drugs",NA
"199666","2016-03",-5.893993,54.600772,"SEVERN STREET","Violence and sexual offences","BT41FB"
"331933","2017-02",-5.716689,54.327879,"MARKET LANE","Anti-social behaviour","BT204SP"
"299922","2016-11",-5.665981,54.661284,"BINGHAM STREET EAST","Anti-social behaviour","BT205DP"
"173073","2016-01",-5.991117,54.588587,"MONAGH CRESCENT","Violence and sexual offences","BT118EB"
"368629","2017-04",-5.815588,54.858135,"GREENLAND WALK","Violence and sexual offences","BT401NJ"
"333529","2017-02",-5.937646,54.597813,"KILLEN STREET","Anti-social behaviour",NA
"361188","2017-04",-6.40534,54.190532,"CAMBROOK ESTATE","Anti-social behaviour","BT357ER"
"45843","2015-04",-6.203278,54.727365,"STEEPLE ROAD","Other theft","BT411AA"
"459381","2017-11",-6.283153,54.864713,"HOPE STREET","Criminal damage and arson","BT125EE"
"388080","2017-06",-6.282557,54.85016,"CAMPHILL PARK","Anti-social behaviour","BT422DH"
"320266","2017-01",-6.049774,54.510731,"CHAPEL HILL","Anti-social behaviour","BT281BW"
"206177","2016-04",-7.462199,54.825015,"MAIN STREET","Criminal damage and arson","BT191JE"
"16630","2015-02",-5.928779,54.6106,"HARDINGE PLACE","Criminal damage and arson","BT152HX"
"291103","2016-10",-6.65186,55.203564,"VICTORIA STREET","Other theft","BT13GA"
"447869","2017-10",-5.932635,54.591645,"VENTRY STREET","Other theft","BT27JP"
"410661","2017-07",-7.30602,54.597245,"STARRS CRESCENT","Violence and sexual offences","BT781LY"
"72404","2015-06",-6.000975,54.579361,"CLONELLY AVENUE","Criminal damage and arson","BT118LG"
"313673","2016-12",-5.845051,54.86027,"RUNKERRY GARDENS","Criminal damage and arson","BT402JL"
"31581","2015-03",-6.371388,54.187823,"JOHN F KENNEDY PARK","Other theft","BT343QF"
"409591","2017-07",-7.34522,55.029141,"UPPER GALLIAGH ROAD","Violence and sexual offences","BT488LW"
"381275","2017-05",-5.925996,54.617237,"GAINSBOROUGH DRIVE","Violence and sexual offences","BT153EH"
"136479","2015-10",-6.65275,54.346343,"LINENHALL STREET","Violence and sexual offences","BT281AA"
"111216","2015-09",-6.648319,55.199124,"SKERRYMOR PLACE","Anti-social behaviour","BT568JS"
"195073","2016-03",-5.887414,54.596632,"RAVENSCROFT AVENUE","Other theft","BT55BA"
"142251","2015-11",NA,NA,"NO LOCATION","Burglary",NA
"222183","2016-05",-5.899401,54.592537,"BEERSBRIDGE ROAD","Public order","BT54BF"
"31028","2015-03",-5.710086,54.317789,"TOBARBURR PARK","Other theft","BT306PR"
"406664","2017-07",-6.002134,54.574016,"SHAWS AVENUE","Other theft","BT119QF"
"34441","2015-03",-6.294101,54.862541,"PROSPECT","Violence and sexual offences","BT421QX"
"361924","2017-04",-5.937363,54.619004,"CASTLETON GARDENS","Anti-social behaviour","BT153BY"
"308020","2016-12",-6.46037,54.405414,"BROOK LODGE","Anti-social behaviour","BT282GW"
"353309","2017-03",-5.85193,54.796203,"RALOO VILLAGE","Violence and sexual offences","BT403ED"
"16373","2015-02",-7.530297,54.721886,"FYFIN ROAD","Criminal damage and arson","BT829JH"
"237304","2016-06",-6.029174,54.514908,"LOW ROAD","Violence and sexual offences","BT274TJ"
"294678","2016-10",-5.944305,54.579912,"WINDSOR AVENUE","Violence and sexual offences","BT189DG"
"267436","2016-08",-7.333066,54.99168,"DEANERY STREET","Violence and sexual offences","BT489HR"
"53519","2015-05",-5.978202,54.557284,"HILLMOUNT GARDENS","Anti-social behaviour","BT100ES"
"42490","2015-04",-5.933537,54.601939,"WINETAVERN STREET","Burglary","BT11JQ"
"7544","2015-01",-6.500783,55.071973,"GREENVILLE AVENUE","Other theft","BT537BJ"
"156042","2015-12",-5.928174,54.605765,"LANCASTER STREET","Criminal damage and arson","BT151EZ"
"315769","2016-12",-7.310646,54.988096,"STRABANE OLD ROAD","Possession of weapons","BT472DL"
"452946","2017-10",-5.816407,54.860566,"GREENLAND GARDENS","Other crime","BT401HF"
"306424","2016-11",-6.215861,54.896176,"THE MEADOWS","Violence and sexual offences","BT210JG"
"18274","2015-02",-5.925646,54.635974,"WAVENEY AVENUE","Other theft","BT154FR"
"180061","2016-02",-5.921859,54.593922,"LOWER STANFIELD STREET","Criminal damage and arson","BT72HB"
"28849","2015-03",-5.951677,54.596371,"ABERCORN STREET NORTH","Criminal damage and arson","BT124NE"
"198866","2016-03",-5.814929,54.850459,"CIRCULAR ROAD","Violence and sexual offences","BT234BN"
"464374","2017-11",-5.992043,54.985024,"SHINGLE COVE","Violence and sexual offences","BT440EH"
"198258","2016-03",-6.451039,54.084856,"LONGFIELD HEIGHTS","Violence and sexual offences","BT359PW"
"20252","2015-02",-7.309149,54.97977,"WINDRIDGE DRIVE","Vehicle crime","BT472JN"
"222080","2016-05",-6.278093,54.868694,"DUKE STREET","Public order","BT343JY"
"264645","2016-08",-6.000463,54.752858,"PARK STREET","Shoplifting","BT266AL"
"246565","2016-07",-5.889893,54.684459,"GLENSHANE PARK","Criminal damage and arson","BT370QN"
"260838","2016-08",-7.255499,54.975573,"GORTICA ROAD","Burglary","BT473LU"
"388252","2017-06",-6.654925,54.348038,"CATHEDRAL CLOSE","Anti-social behaviour","BT617EE"
"197963","2016-03",-5.956815,54.613656,"FLAX STREET","Violence and sexual offences","BT147AP"
"35187","2015-03",-6.702989,54.254571,"CROSSMORE GARDENS","Violence and sexual offences","BT603TP"
"241052","2016-07",-6.012183,54.57632,"DUNGLOE CRESCENT","Anti-social behaviour","BT119HZ"
"367719","2017-04",-7.442017,54.251446,"CHURCH LANE","Violence and sexual offences","BT14QH"
"363904","2017-04",-7.402586,54.342756,"TULLYREAGH ROAD","Criminal damage and arson","BT449HR"
"370880","2017-05",-5.703058,54.64944,"BALLYQUINTON GARDENS","Anti-social behaviour","BT191SG"
"298307","2016-11",-6.319379,54.749811,"MAIN STREET","Anti-social behaviour","BT191JE"
"382414","2017-05",-5.913227,54.603864,"QUEENS ROAD","Violence and sexual offences","BT274TZ"
"114389","2015-09",-5.943156,54.600252,"DIVIS STREET","Criminal damage and arson","BT124AD"
"253860","2016-07",-7.300479,54.980753,"GLENADEN HILL","Violence and sexual offences","BT472LJ"
"34384","2015-03",-5.957633,54.586508,"LECALE STREET","Violence and sexual offences","BT126JD"
"228498","2016-06",-6.456684,54.432213,"BALLYORAN HEIGHTS","Anti-social behaviour","BT621DN"
"269866","2016-09",-6.637771,55.117035,"NEWBRIDGE PARK","Anti-social behaviour","BT521PJ"
"50885","2015-05",-5.70894,54.316006,"BALLYMOTE PARK","Anti-social behaviour","BT306RW"
"83627","2015-07",-5.925957,54.599132,"ANN STREET","Anti-social behaviour","BT13HH"
"396476","2017-06",-5.933066,54.591086,"DUBLIN ROAD","Violence and sexual offences","BT27BY"
"73339","2015-06",-5.917762,54.6923,"MONKSTOWN ROAD","Other theft","BT370ED"
"104354","2015-08",-6.215203,54.619189,"ORCHARD HILL","Vehicle crime","BT294SA"
"226778","2016-06",-5.53789,54.641521,"CHURCH COURT","Anti-social behaviour","BT189FP"
"344361","2017-03",-5.988583,54.59009,"ARDMONAGH GARDENS","Anti-social behaviour","BT118DX"
"88893","2015-07",-6.522473,55.059464,"BANN ROAD","Public order","BT319AA"
"40442","2015-04",-7.634911,54.355254,"KILMACORMICK ROAD","Anti-social behaviour","BT746DX"
"452934","2017-10",-5.66182,54.661949,"PROSPECT ROAD","Other crime","BT205DA"
"281382","2016-09",-7.600589,54.352881,"LACKAGHBOY PARK","Violence and sexual offences","BT744DZ"
"257603","2016-08",-5.946744,54.252792,"O'DONNELL PARK","Anti-social behaviour","BT319PW"
"151157","2015-12",-6.662854,55.152024,"BALLYGALLIN PARK","Anti-social behaviour","BT522QB"
"279863","2016-09",-5.938519,54.620947,"ROSEMOUNT GARDENS","Violence and sexual offences","BT155AG"
"212287","2016-04",-5.930439,54.592551,"BANKMORE STREET","Violence and sexual offences","BT71AQ"
"170070","2016-01",-5.9171,54.578018,"SOMERSET STREET","Other theft","BT72GS"
"259327","2016-08",-5.65145,54.39943,"PLANTATION STREET","Anti-social behaviour","BT309QW"
"197181","2016-03",-5.908142,54.207496,"SUNNINGDALE DRIVE","Violence and sexual offences","BT146SB"
"387358","2017-06",-6.05206,54.510391,"GOVERNORS RD ROUNDABOUT","Anti-social behaviour",NA
"331988","2017-02",-6.337767,54.18155,"MOURNE VIEW PARK","Anti-social behaviour","BT282UG"
"442810","2017-10",-6.335955,54.45538,"THE WILLOWS","Anti-social behaviour","BT197XZ"
"228696","2016-06",-7.214322,54.981718,"LETTERSHENDONY AVENUE","Anti-social behaviour","BT473HY"
"355459","2017-03",-6.023226,54.575037,"GLENVEAGH DRIVE","Violence and sexual offences","BT119HX"
"198289","2016-03",-6.517485,55.068647,"CASTLE STREET","Violence and sexual offences","BT11BL"
"56306","2015-05",-5.98135,54.58368,"GLEN PARADE","Burglary","BT118FD"
"3389","2015-01",-5.88813,54.593257,"BEERSBRIDGE ROAD","Anti-social behaviour","BT54BF"
"162285","2015-12",-5.95079,54.598612,"CONWAY STREET","Violence and sexual offences","BT132DB"
"80771","2015-07",-5.886684,54.595775,"UNIONDALE STREET","Anti-social behaviour","BT55BP"
"347353","2017-03",-6.187573,54.105237,"NEWTOWN ROAD","Anti-social behaviour","BT343BY"
"243128","2016-07",-6.357516,54.183753,"PARKHEAD CRESCENT","Anti-social behaviour","BT358PE"
"89701","2015-07",-5.983691,54.585768,"NORFOLK PARADE","Vehicle crime","BT118DA"
"232245","2016-06",-5.908604,54.583846,"RAVENHILL GARDENS","Burglary","BT68GP"
"450782","2017-10",-6.334826,54.17469,"HIGH STREET","Violence and sexual offences","BT12AA"
"160588","2015-12",-5.993975,54.580485,"COOLNASILLA PARK EAST","Violence and sexual offences","BT118LA"
"468998","2017-12",-5.936449,54.609842,"ST JAMES MEWS","Anti-social behaviour","BT146DL"
"129173","2015-10",-5.441856,54.461443,"LAWSON PARK","Criminal damage and arson","BT221EX"
"105103","2015-08",NA,NA,"NO LOCATION","Violence and sexual offences",NA
"332295","2017-02",-5.86606,54.593652,"SANDOWN DRIVE","Anti-social behaviour","BT475PF"
"245553","2016-07",-6.071976,54.53275,"POND PARK ROAD","Anti-social behaviour","BT283BF"
"211560","2016-04",-5.930334,54.599189,"CASTLE STREET","Violence and sexual offences","BT11BL"
"27085","2015-03",-6.00904,54.541811,"ASHLEA BEND","Anti-social behaviour","BT179QB"
"6623","2015-01",-6.759212,54.631153,"SANDHOLES ROAD","Other theft","BT809AP"
"450392","2017-10",-6.048788,54.497409,"RUSKIN PARK","Violence and sexual offences","BT275QN"
"261979","2016-08",-6.744976,54.645884,"CENTRAL AVENUE","Criminal damage and arson","BT203AF"
"457746","2017-11",-6.018667,54.561269,"BROOKLANDS GRANGE","Burglary","BT170SA"
"249790","2016-07",-5.872153,54.595493,"KERRSLAND PARADE","Other theft","BT56EP"
"332837","2017-02",-5.90258,54.591182,"WILLOWFIELD STREET","Anti-social behaviour","BT69AU"
"408089","2017-07",-5.943897,54.607956,"MALVERN CLOSE","Shoplifting","BT131EB"
"300024","2016-11",-5.890907,54.216019,"DUNWELLAN PARK","Anti-social behaviour","BT330DD"
"333428","2017-02",-5.716178,54.329325,"CHURCH AVENUE","Anti-social behaviour","BT179RS"
"257904","2016-08",-6.045402,54.511092,"MARKET SQUARE","Anti-social behaviour","BT251AW"
"32507","2015-03",-5.667982,54.66152,"MAIN STREET","Shoplifting","BT191JE"
"476424","2017-12",-5.934694,54.599272,"DIVIS STREET","Violence and sexual offences","BT124AD"
"78928","2015-06",-6.467425,54.422727,"BALTYLUM MEADOWS","Other crime","BT624AB"
"61239","2015-05",-6.608896,54.078107,"NEWRY STREET","Violence and sexual offences","BT323EA"
"269182","2016-09",-5.943945,54.66715,"TOBAR-GLEN","Anti-social behaviour","BT366UG"
"67930","2015-06",-6.036385,54.508169,"TEMPLAR AVENUE","Anti-social behaviour","BT275EL"
"188024","2016-03",-6.335799,54.177929,"TREVOR HILL","Anti-social behaviour","BT341DN"
"459526","2017-11",-6.073269,54.468223,"GRANVILLE DRIVE","Drugs","BT266DE"
"74626","2015-06",-6.655962,55.126993,"LODGE PARK","Shoplifting","BT521UN"
"398868","2017-07",-6.189976,54.717239,"AIRD CLOSE","Anti-social behaviour","BT411RG"
"91493","2015-07",-6.758516,54.515677,"LAMBFIELD DRIVE","Violence and sexual offences","BT716GG"
"468876","2017-12",-5.951515,54.579243,"SURREY STREET","Anti-social behaviour","BT97FR"
"218059","2016-05",-6.976726,54.412225,"CORONATION PARK","Anti-social behaviour","BT162HE"
"179078","2016-02",-6.169516,54.518444,"WHITE LANE","Burglary","BT282ND"
"66695","2015-06",-6.356738,54.17597,"ALTNAVEIGH PARK","Anti-social behaviour","BT358XB"
"155754","2015-12",-6.347927,54.190288,"LISDRUM AVENUE","Criminal damage and arson","BT356AQ"
"41922","2015-04",-6.045871,54.513229,"BACHELORS WALK","Anti-social behaviour","BT281XJ"
"435822","2017-09",-5.908971,54.674152,"PRINCES AVENUE","Vehicle crime","BT370BX"
"132688","2015-10",-5.978141,54.580374,"BLACKSTAFF ROAD","Other theft","BT119BL"
"188548","2016-03",-5.939884,54.576485,"SYCAMORE PARK","Anti-social behaviour","BT370NR"
"114768","2015-09",-5.83856,54.603946,"CLOVERHILL PARK","Criminal damage and arson","BT196YB"
"163726","2016-01",-5.963373,54.541841,"EDENDERRY VILLAGE","Anti-social behaviour","BT88LG"
"179956","2016-02",-5.947738,54.666935,"ELMFIELD CRESCENT","Criminal damage and arson","BT366EB"
"84907","2015-07",-5.940891,54.622119,"WILLOWBANK GARDENS","Burglary","BT155AH"
"389965","2017-06",-7.652853,54.34688,"ROSSORRY CHURCH ROAD","Burglary","BT747HB"
"307465","2016-11",-7.307629,54.599024,"JAMES STREET","Violence and sexual offences","BT234DY"
"39740","2015-04",-5.93543,54.595116,"GLENGALL STREET","Anti-social behaviour","BT125AB"
"398957","2017-07",-6.560228,54.95551,"CLARAGH HILL GARDENS","Anti-social behaviour","BT515YP"
"179158","2016-02",-5.986011,54.598943,"MOYARD CRESCENT","Criminal damage and arson","BT127HH"
"400439","2017-07",-5.717461,54.331147,"BRIDGE STREET","Anti-social behaviour","BT11LS"
"102427","2015-08",-6.800907,54.489198,"GRANVILLE TERRACE","Other theft","BT701NR"
"81267","2015-07",-5.810053,54.715344,"LANCASTERIAN STREET","Anti-social behaviour","BT387AB"
"313525","2016-12",-5.664099,54.636825,"RATHGILL GREEN","Criminal damage and arson","BT197TX"
"66448","2015-06",-5.987909,54.558569,"ORPEN ROAD","Anti-social behaviour","BT100BP"
"358258","2017-04",-5.906192,54.592861,"RADNOR STREET","Anti-social behaviour","BT68BG"
"129471","2015-10",-5.938126,54.255744,"ST. MALACHYS CRESCENT","Criminal damage and arson",NA
"265503","2016-08",-6.949371,55.043218,"ROE MILL GARDENS","Violence and sexual offences","BT499AT"
"176307","2016-02",-5.977036,54.666602,"HOLLYBROOK CRESCENT","Anti-social behaviour","BT364ZW"
"121234","2015-09",-5.888872,54.596262,"BLOOMFIELD AVENUE","Violence and sexual offences","BT55AA"
"136803","2015-10",-5.964422,54.596164,"BEECHMOUNT PASS","Violence and sexual offences","BT127NW"
"300392","2016-11",-5.65097,54.660338,"BEVERLEY HILLS","Burglary","BT204NA"
"100828","2015-08",-5.924129,54.654799,"LONGLANDS ROAD","Criminal damage and arson","BT235JS"
"207316","2016-04",-6.659743,55.148432,"WOODBURN CRESCENT","Other theft","BT522QZ"
"281348","2016-09",-5.960915,54.627633,"PRESTWICK PARK","Violence and sexual offences","BT146PJ"
"111380","2015-09",-5.896202,54.59125,"CLARA STREET","Anti-social behaviour","BT55GB"
"144586","2015-11",-5.931149,54.595941,"DONEGALL SQUARE WEST","Other theft","BT16JA"
"219981","2016-05",NA,NA,"NO LOCATION","Criminal damage and arson",NA
"457338","2017-11",-5.948339,54.596279,"LISVARNA PLACE","Bicycle theft","BT124PW"
"395716","2017-06",-6.275549,54.849459,"OLD ANTRIM ROAD","Violence and sexual offences","BT422HG"
"167211","2016-01",-5.962726,54.608742,"BRAY STREET","Burglary","BT133DU"
"382643","2017-05",-5.93533,54.548176,"MINNOWBURN GARDENS","Violence and sexual offences","BT87QL"
"105158","2015-08",-6.062621,54.516275,"PRINCE WILLIAM ROAD","Violence and sexual offences","BT283AD"
"307431","2016-11",-5.923664,54.633236,"LOWWOOD PARK","Violence and sexual offences","BT154BB"
"349620","2017-03",-6.947725,55.044534,"IRISH GREEN STREET","Criminal damage and arson","BT499AA"
"119716","2015-09",-6.383136,54.46797,"DERRYMACASH ROAD","Violence and sexual offences","BT666LG"
"256627","2016-08",-7.646647,54.351561,"DERRIN ROAD","Anti-social behaviour","BT746AZ"
"22094","2015-02",-7.318785,54.992697,"JOHN STREET","Violence and sexual offences","BT124AG"
"449125","2017-10",-7.473778,54.829522,"LIFFORD ROAD","Shoplifting","BT828EP"
"199785","2016-03",-6.449266,54.433151,"CHURCHILL PARK","Violence and sexual offences","BT205RL"
"108684","2015-09",-7.571217,54.196051,"MAIN STREET","Anti-social behaviour","BT191JE"
"416134","2017-08",-5.889074,54.596553,"BLOOMFIELD AVENUE","Anti-social behaviour","BT55AA"
"84621","2015-07",-7.322741,54.494884,"TATTYMOYLE ROAD","Burglary","BT782AS"
"137203","2015-10",-6.269293,54.881748,"DUNCLUG GARDENS","Violence and sexual offences","BT436NN"
"184172","2016-02",-6.250994,55.200567,"CASTLE STREET","Violence and sexual offences","BT11BL"
"443315","2017-10",-7.321434,54.99219,"WAPPING LANE","Anti-social behaviour","BT266AX"
"161252","2015-12",-6.004313,54.063357,"BRIDGE STREET","Violence and sexual offences","BT11LS"
"432297","2017-09",-6.270226,54.882157,"DUNCLUG GARDENS","Criminal damage and arson","BT436NN"
"136079","2015-10",-5.695539,54.651975,"ORLOCK GARDENS","Violence and sexual offences","BT191SP"
"120613","2015-09",-6.268694,54.350832,"BRIDGE STREET","Violence and sexual offences","BT11LS"
"53137","2015-05",-6.054176,54.518484,"LISNAGARVEY CRESCENT","Anti-social behaviour","BT283DP"
"286188","2016-10",-6.060384,54.501234,"AVONMORE PARK","Anti-social behaviour","BT281NA"
"31942","2015-03",-6.266506,54.352022,"CHURCH SQUARE","Other theft","BT282GU"
"344399","2017-03",-6.273638,54.866492,"BROADWAY AVENUE","Anti-social behaviour","BT388DD"
"470082","2017-12",-5.937409,54.256262,"CHURCH VIEW","Burglary","BT162GD"
"327869","2017-01",-5.972367,54.676937,"ANTRIM ROAD","Shoplifting","BT152AA"
"313656","2016-12",-7.466617,54.825044,"O'NOLAN PARK","Criminal damage and arson","BT829EW"
"135802","2015-10",-7.349812,55.016922,"DRUMARD PARK","Violence and sexual offences","BT282HU"
"335461","2017-02",-7.657068,54.532849,"VILLA TERRACE","Anti-social behaviour","BT930EF"
"181751","2016-02",-6.341728,54.179035,"MAGINNIS STREET","Other theft","BT356AR"
"398962","2017-07",-6.033833,54.529144,"ASHBOURNE PARK","Anti-social behaviour","BT237RE"
"108098","2015-08",NA,NA,"NO LOCATION","Other crime",NA
"249420","2016-07",-7.28224,54.997184,"KINGSMERE GARDENS","Other theft","BT475TR"
"62582","2015-05",-5.934292,54.600173,"BERRY STREET","Violence and sexual offences","BT11FJ"
"364390","2017-04",-6.65847,55.147565,"KENBANE AVENUE","Drugs","BT522QN"
"234443","2016-06",-5.714251,54.331086,"MEADOWLANDS","Drugs","BT197SL"
"75771","2015-06",-7.322467,54.995762,"THE DIAMOND","Violence and sexual offences","BT379BJ"
"136773","2015-10",-5.893638,54.222905,"BURRENVIEW WAY","Violence and sexual offences","BT330JQ"
"395389","2017-06",-6.188583,54.71021,"FIRMOUNT DRIVE","Violence and sexual offences","BT411JH"
"138376","2015-11",-7.81681,54.418147,"FAIRVIEW PARK","Anti-social behaviour","BT179HL"
"223249","2016-05",-5.878508,54.600654,"BELMONT ROAD","Violence and sexual offences","BT283DB"
"246894","2016-07",-6.982344,54.576935,"SLUGGAN ROAD","Criminal damage and arson","BT702UP"
"445402","2017-10",-7.633004,54.47409,"FORTHILL PARK","Burglary","BT366QU"
"421341","2017-08",-5.819484,54.851466,"MAIN STREET","Other theft","BT191JE"
"359812","2017-04",-6.331131,55.000204,"ROSEMOUNT","Anti-social behaviour","BT449LU"
"125412","2015-10",-5.943389,54.583966,"LISBURN ROAD","Anti-social behaviour","BT00BT"
"376772","2017-05",-5.907094,54.600308,"WOLFF CLOSE","Criminal damage and arson","BT41BE"
"287666","2016-10",-6.251798,54.859702,"STAFFA DRIVE","Anti-social behaviour","BT424EH"
"300806","2016-11",-6.511373,55.073891,"MACAFEE PLACE","Burglary","BT536EW"
"246451","2016-07",-5.897453,54.400731,"DROMORE STREET","Burglary","BT248AG"
"77379","2015-06",-6.204094,54.71735,"KILGREEL ROAD","Violence and sexual offences","BT411EG"
"313696","2016-12",-5.889215,54.600105,"LEWIS PARK","Criminal damage and arson","BT41FE"
"435969","2017-09",-6.346291,54.173329,"RAYMOND KELLY PARK","Violence and sexual offences","BT358EH"
"261426","2016-08",-5.932504,54.690648,"DOWNHILL PARK","Criminal damage and arson","BT366TX"
"193059","2016-03",-5.925203,54.602102,"VICTORIA STREET","Criminal damage and arson","BT13GA"
"413220","2017-08",-6.268945,54.869507,"SKERRY COURT","Anti-social behaviour","BT437DW"
"417777","2017-08",-6.65275,54.346343,"LINENHALL STREET","Burglary","BT281AA"
"35809","2015-03",-5.925779,54.586208,"DUDLEY STREET","Violence and sexual offences","BT71GW"
"85498","2015-07",-7.356884,55.014606,"BARRS LANE","Criminal damage and arson",NA
"446568","2017-10",-5.952994,54.575665,"MARLBOROUGH PARK NORTH","Criminal damage and arson","BT96HJ"
"39366","2015-04",-6.033379,54.547915,"LAGMORE DALE","Anti-social behaviour","BT170TF"
"414297","2017-08",-5.931179,54.593507,"BEDFORD STREET","Anti-social behaviour","BT27AN"
"2991","2015-01",-5.914614,54.595496,"MAYS MEADOW","Anti-social behaviour","BT13BL"
"92296","2015-07",-7.313431,54.596281,"ARDMORE CRESCENT","Violence and sexual offences","BT601JQ"
"16590","2015-02",-6.204113,54.541254,"NORTH STREET","Criminal damage and arson","BT11LA"
"239736","2016-06",-5.964186,54.590365,"LA SALLE DRIVE","Violence and sexual offences","BT126DB"
"201704","2016-04",-6.596863,54.753771,"SANDY BRAES","Anti-social behaviour","BT456PN"
"399721","2017-07",-5.931955,54.603844,"UNION STREET","Anti-social behaviour","BT12JF"
"128803","2015-10",-6.318569,54.861813,"RAPHAEL PARK","Burglary","BT421DY"
"355480","2017-03",-5.924127,54.587959,"ORMEAU ROAD","Violence and sexual offences","BT71DX"
"362105","2017-04",-6.70878,54.854031,"BALLYKNOCK ROAD","Burglary","BT266EF"
"313165","2016-12",-5.964154,54.591613,"FALLS ROAD","Criminal damage and arson","BT119AA"
"93959","2015-08",-5.699532,54.601319,"DICKSONIA DRIVE","Anti-social behaviour","BT234HE"
"274065","2016-09",-7.330176,55.026319,"MOSS PARK","Burglary","BT488JX"
"162726","2016-01",-7.32534,54.991233,"ABERCORN ROAD","Anti-social behaviour","BT486SA"
"446383","2017-10",-5.701252,54.594424,"REGENT STREET","Criminal damage and arson","BT131EX"
"459534","2017-11",-5.944435,54.600049,"DIVIS STREET","Drugs","BT124AD"
"280067","2016-09",-6.017698,54.573571,"ROSAPENNA SQUARE","Violence and sexual offences","BT119QE"
"122116","2015-09",-7.639746,54.354577,"ROSS CLOSE","Other crime","BT746EG"
"276653","2016-09",-7.131725,54.428684,"MAIN STREET","Other theft","BT191JE"
"333334","2017-02",-5.933314,54.588629,"BOTANIC AVENUE","Anti-social behaviour","BT71JG"
"434431","2017-09",-6.034019,54.508904,"SLOAN STREET","Other theft","BT275AF"
"468759","2017-12",-6.342401,54.169862,"POOL LANE","Anti-social behaviour","BT358AW"
"369170","2017-04",-6.217845,54.714157,"RIVERSIDE","Violence and sexual offences","BT179DJ"
"120277","2015-09",-6.021241,54.062648,"MUNRO VILLAS","Violence and sexual offences","BT344EE"
"465922","2017-12",-5.772998,54.729656,"EDENVALE AVENUE","Anti-social behaviour","BT323RH"
"368585","2017-04",-6.328035,54.465055,"CASTLE LANE","Violence and sexual offences","BT14FB"
"320800","2017-01",-6.574239,54.084466,"TRAINOR CRESCENT","Anti-social behaviour","BT359DP"
"250922","2016-07",-5.89168,54.211981,"BRYANSFORD GARDENS","Vehicle crime","BT330EQ"
"271971","2016-09",-6.202491,54.721316,"SEACASH DRIVE","Anti-social behaviour","BT411AT"
"219129","2016-05",-6.142253,54.47226,"MOIRA ROAD","Criminal damage and arson","BT266DU"
"122241","2015-10",-5.555173,54.370254,"STELLA MARIS STREET","Anti-social behaviour","BT307NJ"
"25781","2015-03",-5.972367,54.676937,"ANTRIM ROAD","Anti-social behaviour","BT152AA"
"181477","2016-02",-6.375156,54.293211,"CHAPEL STREET","Other theft","BT307QJ"
"183224","2016-02",-5.626202,54.641982,"BALLYCROCHAN ROAD","Vehicle crime","BT196NF"
"449642","2017-10",-6.43601,54.746853,"MONEYNICK ROAD","Vehicle crime","BT413HS"
"59750","2015-05",-6.607362,54.078736,"NEWRY ROAD","Other theft","BT323HF"
"202258","2016-04",-5.938098,54.591316,"BOYNE COURT","Anti-social behaviour","BT125BL"
"308464","2016-12",-5.673955,54.64733,"THE GREEN","Anti-social behaviour","BT170EH"
"214749","2016-05",-6.973438,54.414964,"SYDNEY LANE","Anti-social behaviour","BT696AF"
"105911","2015-08",-7.299106,54.995019,"LINCOLN COURT","Violence and sexual offences","BT475NT"
"477087","2017-12",-5.953519,54.608065,"BOWNESS STREET","Violence and sexual offences","BT131RX"
"474155","2017-12",-5.930261,54.598181,"DONEGALL PLACE","Shoplifting","BT15AA"
"465838","2017-12",-6.358693,54.184227,"PARKHEAD CRESCENT","Anti-social behaviour","BT358PE"
"13498","2015-02",-5.993493,54.588707,"MONAGH ROAD","Anti-social behaviour","BT118EF"
"281099","2016-09",-6.334837,54.187754,"BELFAST ROAD","Violence and sexual offences","BT161UE"
"193408","2016-03",-5.869769,54.595523,"BETHANY STREET","Criminal damage and arson","BT43FE"
"69098","2015-06",-6.346808,54.425215,"MARKVILLE","Anti-social behaviour","BT635SY"
"120835","2015-09",-5.989698,54.591636,"ARDMONAGH PARADE","Violence and sexual offences","BT118DW"
"115107","2015-09",-7.321984,55.029023,"BROOKDALE COURT","Criminal damage and arson","BT488LZ"
"64006","2015-05",-5.665497,54.663494,"HIGH STREET","Violence and sexual offences","BT12AA"
"276331","2016-09",-5.937774,54.602928,"BROWN SQUARE","Drugs","BT132BW"
"248234","2016-07",-7.380315,54.719317,"MILL STREET","Criminal damage and arson","BT234LN"
"196738","2016-03",-7.320728,55.022836,"CARNHILL","Violence and sexual offences","BT488BA"
"365855","2017-04",-5.6577,54.637654,"RATHGILL AVENUE","Possession of weapons","BT197TD"
"411255","2017-07",-5.706154,54.322153,"ORIEL DRIVE","Violence and sexual offences","BT306HL"
"185065","2016-02",-5.940372,54.5852,"ELMWOOD AVENUE","Violence and sexual offences","BT96AY"
"429513","2017-09",-6.079913,54.506506,"MOIRA ROAD","Anti-social behaviour","BT266DU"
"176854","2016-02",-5.528995,54.608362,"MOSS ROAD","Anti-social behaviour","BT189RR"
"150234","2015-12",-6.320828,54.451972,"WOODFORD PARK","Anti-social behaviour","BT366TJ"
"358640","2017-04",-5.662538,54.645134,"BALLYVESTER GROVE","Anti-social behaviour","BT197RL"
"386967","2017-06",-6.651437,55.137525,"LISNABLAGH ROAD","Anti-social behaviour","BT522HB"
"77902","2015-06",-6.044499,54.513512,"RAILWAY STREET","Violence and sexual offences","BT170AQ"
"268761","2016-09",-6.314419,54.459349,"DEMESNE AVENUE","Anti-social behaviour","BT189ND"
"34194","2015-03",-7.350148,54.960378,"SILVERBROOK PARK","Violence and sexual offences","BT472RD"
"447118","2017-10",-7.314054,54.612616,"CLONMORE GARDENS","Criminal damage and arson","BT797XB"
"192865","2016-03",-6.047476,54.561135,"OLD COLIN ROAD","Criminal damage and arson","BT170NS"
"266350","2016-08",-6.951762,55.046275,"RATHBRADY ROAD","Violence and sexual offences","BT499BH"
"232133","2016-06",-5.932499,54.598004,"COLLEGE STREET","Burglary","BT16BQ"
"21631","2015-02",-5.963838,54.616245,"CRANBROOK GARDENS","Violence and sexual offences","BT147LQ"
"24439","2015-03",-5.705665,54.575387,"LANSDOWNE ROAD","Anti-social behaviour","BT154AA"
"309015","2016-12",-6.327641,54.174384,"YEW TREE PARK","Anti-social behaviour","BT342QP"
"234415","2016-06",-6.279297,54.349222,"GRANVILLE GARDENS","Drugs","BT323AG"
"278573","2016-09",-5.93895,54.598042,"GALWAY STREET","Vehicle crime","BT124AF"
"185052","2016-02",-7.326428,55.039108,"LOWER GALLIAGH ROAD","Violence and sexual offences","BT488LN"
"70243","2015-06",-5.984035,54.583186,"GLEN ROAD","Burglary","BT118AY"
"180635","2016-02",-5.934292,54.600173,"BERRY STREET","Drugs","BT11FJ"
"337290","2017-02",-6.219462,54.713381,"MASSEREENE STREET","Criminal damage and arson","BT414DD"
"200415","2016-04",-5.934633,54.597106,"COLLEGE SQUARE EAST","Anti-social behaviour","BT16DD"
"355030","2017-03",-5.82395,54.850369,"LATHARNA HOUSES","Violence and sexual offences","BT401LL"
"406947","2017-07",-5.989854,54.071436,"MOURNEVIEW PARK","Other theft","BT251QL"
"451481","2017-10",-5.894963,54.597267,"ALBERTBRIDGE ROAD","Violence and sexual offences","BT54GP"
"284910","2016-10",-7.638603,54.362182,"DERRYGORE ROAD","Anti-social behaviour","BT744FH"
"358598","2017-04",-5.676424,54.631213,"KESTREL PARK","Anti-social behaviour","BT237EJ"
"315013","2016-12",-6.059441,54.399599,"HOWE ROAD","Other theft","BT251ET"
"49272","2015-04",-6.373276,54.295324,"BRANNOCK MEADOWS","Violence and sexual offences","BT356UD"
"383749","2017-05",-5.919718,54.579159,"ORMEAU ROAD","Violence and sexual offences","BT71DX"
"18042","2015-02",-5.689548,54.589322,"LAMONT AVENUE","Drugs","BT238NW"
"460815","2017-11",-5.923271,54.626661,"YORK CRESCENT","Other theft","BT153RA"
"378905","2017-05",-5.895581,54.530078,"SAINTFIELD ROAD","Other theft","BT236HB"
"395802","2017-06",-5.90613,54.595286,"ALBERTBRIDGE ROAD","Violence and sexual offences","BT54GP"
"45762","2015-04",-6.178567,54.704148,"BELFAST ROAD","Other theft","BT161UE"
"64097","2015-05",-5.972839,54.618921,"CRUMLIN ROAD","Violence and sexual offences","BT146AA"
"222003","2016-05",-6.277404,54.859269,"QUEEN STREET","Possession of weapons","BT13EF"
"156210","2015-12",-5.924674,54.593944,"CROMAC STREET","Criminal damage and arson","BT28JA"
"345166","2017-03",-5.897256,54.596624,"ALBERTBRIDGE ROAD","Anti-social behaviour","BT54GP"
"277715","2016-09",-7.314723,55.013783,"FARREN PARK","Public order","BT487QH"
"271314","2016-09",-5.794806,54.589903,"INCHMARNOCK DRIVE","Anti-social behaviour","BT162ND"
"114671","2015-09",-5.924362,54.593067,"ELIZA STREET TERRACE","Criminal damage and arson","BT72AX"
"70934","2015-06",-5.909542,54.407995,"KINEDALE PARK","Criminal damage and arson","BT248YS"
"32099","2015-03",-6.526258,55.080405,"BEECHCROFT","Other theft","BT536NF"
"240977","2016-07",-6.683403,55.126322,"WESTBOURNE CRESCENT","Anti-social behaviour","BT283AE"
"100747","2015-08",-6.227341,54.480241,"MAIN STREET","Criminal damage and arson","BT191JE"
"61164","2015-05",-6.678039,54.849388,"SUNNYSIDE PARK","Violence and sexual offences","BT422HE"
"192484","2016-03",-6.003586,54.760116,"RASHEE PARK","Criminal damage and arson","BT399SD"
"75201","2015-06",-7.313431,54.596281,"ARDMORE CRESCENT","Shoplifting","BT601JQ"
"178870","2016-02",-6.142643,54.413936,"PRIMROSE HILL","Burglary","BT251FA"
"273721","2016-09",-6.750104,54.645865,"PARKMOUNT","Anti-social behaviour","BT204JY"
"107088","2015-08",-5.933066,54.591086,"DUBLIN ROAD","Violence and sexual offences","BT27BY"
"42924","2015-04",-6.662232,55.135937,"WINDSOR AVENUE","Criminal damage and arson","BT189DG"
"425369","2017-08",-6.75245,54.648189,"BURN ROAD","Violence and sexual offences","BT248YR"
"236398","2016-06",-6.33856,54.178201,"EDWARD STREET","Shoplifting","BT12LL"
"21425","2015-02",-5.898717,54.601007,"DERWENT STREET","Violence and sexual offences","BT41DY"
"452367","2017-10",-7.048154,54.595788,"TERMON CRESCENT","Violence and sexual offences","BT799JU"
"67970","2015-06",-5.88703,54.222277,"MOURNE VIEW PARK","Anti-social behaviour","BT282UG"
"397525","2017-06",-6.266506,54.352022,"CHURCH SQUARE","Other crime","BT282GU"
"234539","2016-06",-5.665194,54.592574,"ABBOT LINK MEWS","Drugs","BT238XY"
"332659","2017-02",-7.314978,54.376734,"BREAKLY WAY","Anti-social behaviour","BT750PB"
"2524","2015-01",-7.26784,54.61425,"PINEFIELD WOOD","Anti-social behaviour","BT797YH"
"457380","2017-11",-5.932781,54.587541,"BOTANIC AVENUE","Bicycle theft","BT71JG"
"436798","2017-09",-6.174975,54.710887,"CAULSIDE PARK","Violence and sexual offences","BT412DR"
"75289","2015-06",-5.937646,54.597813,"KILLEN STREET","Vehicle crime",NA
"345109","2017-03",-7.309666,54.994217,"DUDDYS COURT","Anti-social behaviour","BT476BH"
"320715","2017-01",-7.003236,55.052475,"SPALLAN ROAD","Anti-social behaviour","BT499DT"
"322056","2017-01",-6.035936,54.508522,"MONTGOMERY DRIVE","Anti-social behaviour","BT275HR"
"245396","2016-07",-5.930443,54.586675,"WOLSELEY STREET","Anti-social behaviour","BT71LG"
"234341","2016-06",-5.931947,54.633297,"LANSDOWNE ROAD","Drugs","BT154AA"
"51994","2015-05",-6.660012,55.139937,"ROSEMARY PLACE","Anti-social behaviour","BT522AT"
"67986","2015-06",-5.889098,54.219627,"MOURNE PARK","Anti-social behaviour","BT319BZ"
"146018","2015-11",-6.226574,54.723916,"CORAL CRESCENT","Shoplifting","BT414LW"
"172898","2016-01",-6.656237,54.352608,"LOWER ENGLISH STREET","Violence and sexual offences","BT617LJ"
"323251","2017-01",-7.71676,54.400589,"LOUGH SHORE ROAD","Anti-social behaviour","BT221PD"
"138006","2015-11",-7.279866,54.608995,"MULLAGHMORE DRIVE","Anti-social behaviour","BT797PG"
"57694","2015-05",-5.911677,54.592103,"BALLARAT COURT","Criminal damage and arson","BT68FU"
"300770","2016-11",-7.285175,54.607203,"CASTLEVIEW COURT","Burglary","BT57RA"
"349422","2017-03",-5.819753,54.338072,"ST. MACARTANS CLOSE","Criminal damage and arson",NA
"114732","2015-09",-5.832002,54.641989,"THE CRESCENT","Criminal damage and arson","BT100GJ"
"351816","2017-03",-5.979075,54.56401,"UPPER LISBURN ROAD","Other theft","BT100AA"
"321747","2017-01",-5.875334,54.57898,"CASTLEREAGH ROAD","Anti-social behaviour","BT55FB"
"293397","2016-10",-6.373669,54.442596,"WESTACRES","Violence and sexual offences","BT654BB"
"330243","2017-01",-7.305876,54.599319,"JOHN STREET","Violence and sexual offences","BT124AG"
"306135","2016-11",-6.656237,54.352608,"LOWER ENGLISH STREET","Violence and sexual offences","BT617LJ"
"303640","2016-11",-6.711558,55.17206,"COLERAINE ROAD","Other theft","BT465BN"
"476966","2017-12",-5.716178,54.329325,"CHURCH AVENUE","Violence and sexual offences","BT179RS"
"388844","2017-06",-6.698407,54.490258,"THE MEADOWS","Anti-social behaviour","BT210JG"
"48070","2015-04",-5.820616,54.852421,"VICTORIA ROAD","Violence and sexual offences","BT189BA"
"179071","2016-02",-6.068079,54.52922,"DERRIAGHY ROAD","Burglary","BT170LA"
"11220","2015-01",-6.046498,54.522413,"LENAMORE PARK","Other crime","BT238NL"
"161996","2015-12",-5.911441,54.664985,"DOAGH ROAD","Violence and sexual offences","BT364TP"
"424002","2017-08",-5.941791,54.589878,"FELT STREET","Violence and sexual offences","BT125NU"
"286576","2016-10",-6.255681,54.353385,"WILLOW DRIVE","Anti-social behaviour","BT324RF"
"184177","2016-02",-5.693252,54.648859,"KILCLIEF GARDENS","Violence and sexual offences","BT191QY"
"90019","2015-07",-5.952387,54.678973,"BURNTHILL ROAD","Vehicle crime","BT365HF"
"311843","2016-12",-7.170082,54.604232,"DRUMNAKILLY ROAD","Anti-social behaviour","BT790JN"
"192543","2016-03",-5.810977,54.827682,"GLENBURN ROAD","Criminal damage and arson","BT179AG"
"89660","2015-07",-6.67587,54.846679,"TAMNEY CRESCENT","Vehicle crime","BT465AQ"
"173783","2016-01",-7.321576,54.997635,"WILLIAM STREET","Violence and sexual offences","BT11PR"
"305519","2016-11",-5.900673,54.598777,"LENDRICK STREET","Violence and sexual offences","BT54HQ"
"59417","2015-05",-6.655153,55.190674,"MAGHERAMENAGH PARK","Other theft","BT568SS"
"328489","2017-01",-5.939056,54.586435,"MINDS WAY","Vehicle crime","BT96PU"
"23142","2015-02",-6.333884,54.183644,"DOWNSHIRE COURT","Other crime","BT205RT"
"424540","2017-08",-5.716341,54.333327,"NEW BRIDGE STREET","Violence and sexual offences","BT306EX"
"340488","2017-02",-5.894856,54.57296,"THE STRAIGHT","Violence and sexual offences","BT60EP"
"421772","2017-08",-5.930334,54.599189,"CASTLE STREET","Robbery","BT11BL"
"279824","2016-09",-5.98269,54.755726,"HENRYVILLE COURT","Violence and sexual offences","BT399FS"
"304621","2016-11",-5.954681,54.588605,"ROCKVIEW STREET","Theft from the person","BT126JQ"
"111927","2015-09",-5.952041,54.596503,"CAIRNS STREET","Anti-social behaviour","BT124NJ"
"275219","2016-09",-5.939137,54.610265,"VICINAGE PARK","Criminal damage and arson","BT146BA"
"102751","2015-08",-6.9308,55.042104,"ANDERSON CRESCENT","Other theft","BT472BY"
"54524","2015-05",-5.932455,54.594903,"CLARENCE STREET WEST","Anti-social behaviour","BT27GP"
"208070","2016-04",-5.98549,54.584423,"GRANSHA DRIVE","Other theft","BT118AL"
"166587","2016-01",-6.016424,54.571466,"KERRYKEEL GARDENS","Bicycle theft","BT119HR"
"352584","2017-03",-5.927665,54.662056,"RATHMORE WAY","Shoplifting","BT379DS"
"381758","2017-05",-5.93162,54.539631,"BALLYCOAN ROAD","Violence and sexual offences","BT88LL"
"42910","2015-04",-6.35173,54.18981,"LARCHMOUNT","Criminal damage and arson",NA
"291884","2016-10",-7.871333,54.297579,"MACNEAN PARK","Possession of weapons","BT935EZ"
"418412","2017-08",-7.464629,54.825978,"MAIN STREET","Criminal damage and arson","BT191JE"
"33691","2015-03",-7.355206,54.958437,"HAYFIELD PARK","Violence and sexual offences","BT472PY"
"464227","2017-11",-5.932635,54.591645,"VENTRY STREET","Violence and sexual offences","BT27JP"
"325984","2017-01",-5.707696,54.327862,"KILBRIDE ROAD","Criminal damage and arson","BT306JS"
"224015","2016-05",-6.654174,55.136351,"TULLYARTON ROAD","Violence and sexual offences","BT522EJ"
"185960","2016-02",-5.939954,54.581221,"PARK LANE","Violence and sexual offences","BT247PR"
"17784","2015-02",-6.371336,54.444308,"CLONMEEN","Drugs","BT654AR"
"472507","2017-12",-5.927099,54.601937,"HILL STREET","Other theft","BT12LA"
"349495","2017-03",-7.476167,54.821654,"LISNAFIN PARK","Criminal damage and arson","BT829DF"
"106577","2015-08",-6.006832,54.063066,"HARBOUR ROAD","Violence and sexual offences","BT196JP"
"324402","2017-01",-7.337356,54.593989,"BRACKEN ROAD","Burglary","BT785JU"
"88753","2015-07",-7.314033,55.032176,"CAPALL COURT","Possession of weapons","BT488FJ"
"231250","2016-06",-7.321935,54.996721,"MAGAZINE STREET","Anti-social behaviour","BT486GJ"
"377721","2017-05",-5.988973,54.75433,"HENRYVILLE MEADOWS","Criminal damage and arson","BT399FY"
"95936","2015-08",-6.283153,54.864713,"HOPE STREET","Anti-social behaviour","BT125EE"
"61046","2015-05",-6.213458,54.587645,"OAK GROVE MANOR","Vehicle crime","BT294ZS"
"395419","2017-06",-5.958083,54.586794,"GLENMACHAN STREET","Violence and sexual offences","BT126JA"
"200469","2016-04",-6.267384,54.351244,"CASTLEWELLAN ROAD","Anti-social behaviour","BT252DZ"
"458921","2017-11",-5.930446,54.599424,"ROYAL AVENUE","Criminal damage and arson","BT11AL"
"109751","2015-09",-6.346725,54.455968,"TAGHNEVAN DRIVE","Anti-social behaviour","BT668SY"
"32388","2015-03",-5.68509,54.594278,"WALLACES PLACE","Public order","BT238HL"
"337372","2017-02",-5.694783,54.648627,"OWENROE DRIVE","Criminal damage and arson","BT191QH"
"241105","2016-07",-5.694353,54.595209,"ANN STREET","Anti-social behaviour","BT13HH"
"34184","2015-03",-7.311714,54.991408,"SPENCER ROAD","Violence and sexual offences","BT474AA"
"356079","2017-03",-6.446787,54.421691,"MANDEVILLE STREET","Violence and sexual offences","BT623NZ"
"369144","2017-04",-5.936466,54.58658,"CLAREMONT STREET","Violence and sexual offences","BT487NB"
"122212","2015-10",-5.890513,54.221934,"BURRENDALE PARK ROAD","Anti-social behaviour","BT330JE"
"413388","2017-08",-5.937639,54.584479,"ELMWOOD AVENUE","Anti-social behaviour","BT96AY"
"128928","2015-10",-6.264967,54.879782,"DUNFANE PARK","Burglary","BT437AH"
"441423","2017-10",-5.807456,54.719753,"NORTH ROAD","Anti-social behaviour","BT237AN"
"220709","2016-05",-6.653933,55.199392,"METROPOLE ROUNDABOUT","Drugs",NA
"5967","2015-01",-5.953392,54.618009,"TORRENS GARDENS","Criminal damage and arson","BT146JB"
"455990","2017-11",-5.923939,54.58376,"AGINCOURT AVENUE","Anti-social behaviour","BT71QA"
"19616","2015-02",-6.779428,54.501552,"WOODBURN CRESCENT","Shoplifting","BT522QZ"
"184647","2016-02",-6.047071,54.517534,"MAGHERALAVE ROAD","Violence and sexual offences","BT283BD"
"337189","2017-02",NA,NA,"NO LOCATION","Criminal damage and arson",NA
"296510","2016-11",-6.080286,54.525874,"BROKERSTOWN ROAD","Anti-social behaviour","BT282EE"
"311630","2016-12",-5.636651,54.64747,"ASHBURY AVENUE","Anti-social behaviour","BT196TH"
"109829","2015-09",-5.974864,54.624903,"SILVERSTREAM TERRACE","Anti-social behaviour","BT148GH"
"118838","2015-09",-5.927784,54.603997,"ACADEMY STREET","Vehicle crime","BT12LS"
"412070","2017-08",-6.000975,54.579361,"CLONELLY AVENUE","Anti-social behaviour","BT118LG"
"59418","2015-05",-7.320642,55.010403,"DUNCREGGAN ROAD","Other theft","BT480AA"
"426664","2017-09",-6.605997,54.756464,"CHURCH STREET","Anti-social behaviour","BT11ER"
"347677","2017-03",-5.932455,54.594903,"CLARENCE STREET WEST","Anti-social behaviour","BT27GP"
"395684","2017-06",-6.412067,54.430664,"OLD LURGAN ROAD","Violence and sexual offences","BT635SG"
"275486","2016-09",-6.945305,55.046148,"RATHBEG CRESCENT","Criminal damage and arson","BT490AT"
"398069","2017-07",-6.463488,54.42212,"WESTLAND ROAD","Anti-social behaviour","BT146NH"
"407631","2017-07",-5.810842,54.855767,"GLENARM ROAD","Possession of weapons","BT401BN"
"424612","2017-08",-6.497363,54.764222,"AUGHRIM LANE","Violence and sexual offences","BT413ST"
"361610","2017-04",-5.933066,54.591086,"DUBLIN ROAD","Anti-social behaviour","BT27BY"
"137672","2015-11",-6.322809,54.756614,"BRACKENBURN","Anti-social behaviour","BT413BP"
"184239","2016-02",-6.278027,54.863293,"PROSPECT PLACE","Violence and sexual offences","BT435BL"
"410755","2017-07",-5.883766,54.576262,"GLENSHARRAGH GARDENS","Violence and sexual offences","BT69PE"
"95904","2015-08",-6.022624,54.567668,"PEMBROKE MANOR","Anti-social behaviour","BT170GW"
"139804","2015-11",-6.16282,54.40712,"BARBAN HILL","Anti-social behaviour","BT251NT"
"457286","2017-11",-7.45461,54.823589,"EVISH GROVE","Anti-social behaviour","BT828HR"
"4807","2015-01",-6.557178,54.374293,"MILLVIEW PARK","Burglary","BT536NU"
"406929","2017-07",-6.278223,54.865264,"MILL STREET","Other theft","BT234LN"
"27614","2015-03",-5.555495,54.577935,"JOHNSTON PARK","Anti-social behaviour","BT162HN"
"35470","2015-03",-7.319963,54.996961,"SHIPQUAY STREET","Violence and sexual offences","BT486AR"
"448991","2017-10",-5.929306,54.600232,"ROSEMARY STREET","Shoplifting","BT11QA"
"340346","2017-02",-6.326792,54.856177,"ROYAL COURT","Violence and sexual offences","BT330RD"
"456674","2017-11",-7.318121,54.993133,"BRIDGE STREET","Anti-social behaviour","BT11LS"
"144136","2015-11",-6.250252,55.199945,"MILL STREET","Drugs","BT234LN"
"108934","2015-09",-6.259618,54.459551,"NEW FORGE ROAD","Anti-social behaviour","BT667HW"
"46150","2015-04",-5.88649,54.700995,"UPPER ROAD","Other theft","BT359XL"
"153025","2015-12",-5.958078,54.597405,"SPRINGFIELD ROAD","Anti-social behaviour","BT127AB"
"138523","2015-11",-5.924925,54.599348,"UPPER CHURCH LANE","Anti-social behaviour","BT14LG"
"190955","2016-03",-6.982976,54.422294,"TULLYVAR ROAD","Anti-social behaviour","BT696AY"
"364348","2017-04",-5.92988,54.595012,"FRANKLIN STREET","Drugs","BT27GG"
"271057","2016-09",-6.701296,54.539279,"PLATERS HILL","Anti-social behaviour","BT714JZ"
"212294","2016-04",-5.892009,54.512162,"MUSKETT GARDENS","Violence and sexual offences","BT88QW"
"401334","2017-07",-5.951641,54.609399,"DANUBE STREET","Anti-social behaviour","BT131RT"
"357101","2017-04",-5.979548,54.578511,"ANDERSONSTOWN ROAD","Anti-social behaviour","BT119AF"
"151727","2015-12",-6.456367,54.417699,"GLANDORE GARDENS","Anti-social behaviour","BT153FF"
"357133","2017-04",-5.610644,54.264675,"BAY VIEW DRIVE","Anti-social behaviour","BT307TJ"
"109985","2015-09",-5.940605,54.600811,"FINGALS COURT","Anti-social behaviour","BT132DP"
"5589","2015-01",-6.462087,54.412624,"HOBSON PARK","Criminal damage and arson","BT623QL"
"3338","2015-01",-5.934622,54.595794,"HOWARD STREET","Anti-social behaviour","BT16FQ"
"239415","2016-06",-5.964411,54.579955,"BOUCHER PLACE","Violence and sexual offences","BT126HT"
"244299","2016-07",-6.209092,54.621902,"BALLYDONAGHY ROAD","Anti-social behaviour","BT294EP"
"153425","2015-12",-5.877146,54.600055,"DUNDELA STREET","Anti-social behaviour","BT43BH"
"419983","2017-08",-8.067039,54.471603,"LOUGH SHORE ROAD","Drugs","BT221PD"
"203935","2016-04",-6.21347,54.625524,"GLENDARRAGH PARK","Anti-social behaviour","BT294AE"
"276545","2016-09",-5.835452,54.588723,"KINGS ROAD","Other theft","BT366AB"
"258687","2016-08",-6.743219,54.648111,"UNION PLACE","Anti-social behaviour","BT701DL"
"77184","2015-06",-6.40621,54.43348,"LISNISKY LANE","Violence and sexual offences","BT635RB"
"430274","2017-09",-6.651,54.346719,"SCOTCH STREET","Anti-social behaviour","BT306AN"
"85670","2015-07",-7.628826,54.359673,"DRUMBEG","Criminal damage and arson","BT602GD"
"112932","2015-09",-7.266801,55.030616,"CLAREEN DRIVE","Anti-social behaviour","BT476UY"
"143417","2015-11",-6.673281,54.844476,"MAIN STREET","Criminal damage and arson","BT191JE"
"397123","2017-06",-6.92444,55.148586,"SEACOAST ROAD","Violence and sexual offences","BT490HZ"
"222860","2016-05",-5.940995,54.580206,"MALONE AVENUE","Vehicle crime","BT389RY"
"327658","2017-01",-6.03365,54.697606,"MILLBANK ROAD","Other theft","BT222FD"
"373628","2017-05",-6.02151,54.548844,"SUMMERHILL DRIVE","Anti-social behaviour","BT170BT"
"213877","2016-05",-5.681198,54.603665,"HOLLYMOUNT AVENUE","Anti-social behaviour","BT237DG"
"345130","2017-03",-5.933314,54.588629,"BOTANIC AVENUE","Anti-social behaviour","BT71JG"
"242990","2016-07",-5.672588,54.584756,"PLOVER GREEN","Anti-social behaviour","BT238FN"
"345306","2017-03",-5.872201,54.695372,"GORTLANE DRIVE","Anti-social behaviour","BT388SY"
"68000","2015-06",-6.805828,54.503001,"BALLYGAWLEY ROAD","Anti-social behaviour","BT514BQ"
"318197","2016-12",-5.961945,54.61323,"KERRERA STREET","Violence and sexual offences","BT147FL"
"278855","2016-09",-5.952891,54.61349,"ST. GEMMAS COURT","Violence and sexual offences",NA
"448074","2017-10",-7.172661,55.025215,"BROOKLYN PARK","Other theft","BT205PA"
"368402","2017-04",-6.005713,54.576088,"SHAWS ROAD","Violence and sexual offences","BT119PR"
"308988","2016-12",-5.873256,54.594821,"KERRSLAND DRIVE","Anti-social behaviour","BT56ER"
"250905","2016-07",-5.935054,54.598569,"KING STREET","Vehicle crime","BT11HU"
"434562","2017-09",-5.917762,54.6923,"MONKSTOWN ROAD","Other theft","BT370ED"
"181595","2016-02",-5.938035,54.546938,"BALLYCAIRN DRIVE","Other theft","BT88HG"
"364984","2017-04",-5.686382,54.596046,"BANGOR ROAD","Other theft","BT180BY"
"295844","2016-10",-6.556827,54.505702,"MILLTOWN LANE","Violence and sexual offences","BT247JW"
"123135","2015-10",-5.924925,54.599348,"UPPER CHURCH LANE","Anti-social behaviour","BT14LG"
"418939","2017-08",-5.896483,54.673981,"SHORE ROAD","Criminal damage and arson","BT153PG"
"42280","2015-04",-5.979899,54.576414,"STOCKMANS DRIVE","Burglary","BT119AU"
"250891","2016-07",-5.843072,54.640641,"KINNEGAR ROAD","Vehicle crime","BT100DP"
"361775","2017-04",-6.655978,55.188554,"MAGHERABOY DRIVE","Anti-social behaviour","BT568GP"
"153686","2015-12",-6.750354,54.632688,"OLD RECTORY GLEN","Anti-social behaviour","BT809XX"
"156344","2015-12",-6.217308,54.722136,"TIGER COURT","Criminal damage and arson","BT414HX"
"400668","2017-07",-5.963113,54.609063,"WOODVALE ROAD","Anti-social behaviour","BT131FD"
"304655","2016-11",-5.96927,54.589229,"FALLS ROAD","Vehicle crime","BT119AA"
"89872","2015-07",-6.0067,54.55304,"SUNNYMEDE PARK","Vehicle crime","BT170PU"
"188508","2016-03",-6.253681,54.420427,"MONREE HILL","Anti-social behaviour","BT667GY"
"394882","2017-06",-6.616758,54.762498,"HOSPITAL ROAD","Violence and sexual offences","BT358DP"
"100767","2015-08",-5.948339,54.596279,"LISVARNA PLACE","Criminal damage and arson","BT124PW"
"170523","2016-01",-6.261242,54.857385,"MEADOWVALE","Shoplifting","BT191DA"
"309278","2016-12",-6.973438,54.414964,"SYDNEY LANE","Anti-social behaviour","BT696AF"
"240417","2016-07",-5.936677,54.593421,"SANDY ROW","Anti-social behaviour","BT125BL"
"63414","2015-05",-5.628411,54.655666,"BRIANVILLE PARK","Violence and sexual offences","BT148JZ"
"52915","2015-05",-5.931852,54.599458,"BANK STREET","Anti-social behaviour","BT11HL"
"435268","2017-09",-5.998258,54.750971,"MAIN STREET","Shoplifting","BT191JE"
"277441","2016-09",-5.87294,54.697551,"GLENKEEN AVENUE","Other theft","BT370PH"
"80178","2015-07",-5.931179,54.593507,"BEDFORD STREET","Anti-social behaviour","BT27AN"
"48636","2015-04",-6.047962,54.509543,"MARKET PLACE","Violence and sexual offences","BT204SD"
"407652","2017-07",-6.344831,54.887203,"SPENCE CRESCENT","Possession of weapons","BT421BR"
"174266","2016-01",-6.944531,55.054127,"KILLANE ROAD","Other crime","BT421JB"
"146831","2015-11",-5.914296,54.692151,"LISBANE DRIVE","Violence and sexual offences","BT234PY"
"81218","2015-07",-6.029003,54.557251,"WOODSIDE PARK","Anti-social behaviour","BT170SS"
